date_yyyymm,date_rolling_txn_yymm,parentchannel_id,retailer_id,dept_id,majorcat_id,category_id,parentbrand_id,income_bucket,ethnicity_id,age_generation,state_id,item_units,item_dollars,version_data,version_feed,panel_cohort
201704,201605,fmcg,ahold_delhaize,isc_gro_dairy,isc_gro_dai_butter_and_margarine,isc_gro_dai_but_butter,indeterminate,low,2,genx,MD,0.887,4.868,20170719,F1701,P12M
201704,201605,fmcg,ahold_delhaize,isc_gro_dairy,isc_gro_dai_butter_and_margarine,isc_gro_dai_but_butter,indeterminate,low,4,boomers,MA,1.653,3.29,20170719,F1701,P12M
201704,201605,fmcg,ahold_delhaize,isc_gro_dairy,isc_gro_dai_butter_and_margarine,isc_gro_dai_but_butter,indeterminate,low,4,millennials,PA,2.354,3.036,20170719,F1701,P12M
201704,201605,fmcg,ahold_delhaize,isc_gro_dairy,isc_gro_dai_butter_and_margarine,isc_gro_dai_but_butter,indeterminate,mid,1,millennials,PA,0.509,1.573,20170719,F1701,P12M
201704,201605,fmcg,ahold_delhaize,isc_gro_dairy,isc_gro_dai_butter_and_margarine,isc_gro_dai_but_butter,indeterminate,mid,4,genx,CT,0.404,0.805,20170719,F1701,P12M
201704,201605,fmcg,ahold_delhaize,isc_gro_dairy,isc_gro_dai_butter_and_margarine,isc_gro_dai_but_butter,indeterminate,mid,4,genx,DE,0.266,0.526,20170719,F1701,P12M
201704,201605,fmcg,ahold_delhaize,isc_gro_dairy,isc_gro_dai_butter_and_margarine,isc_gro_dai_but_butter,indeterminate,mid,4,genx,MA,0.469,1.871,20170719,F1701,P12M
201704,201605,fmcg,ahold_delhaize,isc_gro_dairy,isc_gro_dai_butter_and_margarine,isc_gro_dai_but_butter,indeterminate,mid,4,genx,RI,1.068,4.796,20170719,F1701,P12M
201704,201605,fmcg,ahold_delhaize,isc_gro_dairy,isc_gro_dai_butter_and_margarine,isc_gro_dai_but_butter,indeterminate,mid,4,genx,VA,0.444,1.458,20170719,F1701,P12M
201704,201605,fmcg,ahold_delhaize,isc_gro_dairy,isc_gro_dai_butter_and_margarine,isc_gro_dai_but_butter,indeterminate,mid,4,millennials,NY,0.992,1.974,20170719,F1701,P12M
201704,201605,fmcg,ahold_delhaize,isc_gro_dairy,isc_gro_dai_butter_and_margarine,isc_gro_dai_but_butter,indeterminate,mid,4,millennials,PA,1.2,2.147,20170719,F1701,P12M
201704,201605,fmcg,ahold_delhaize,isc_gro_dairy,isc_gro_dai_butter_and_margarine,isc_gro_dai_but_butter,indeterminate,mid,4,millennials,RI,0.258,1.158,20170719,F1701,P12M
201704,201605,fmcg,ahold_delhaize,isc_gro_dairy,isc_gro_dai_butter_and_margarine,isc_gro_dai_but_butter,kates_homemade_butter,low,5,genx,NY,0.22,1.097,20170719,F1701,P12M
201704,201605,fmcg,ahold_delhaize,isc_gro_dairy,isc_gro_dai_butter_and_margarine,isc_gro_dai_but_butter,kellers,high,4,genx,PA,0.503,0.508,20170719,F1701,P12M
201704,201605,fmcg,ahold_delhaize,isc_gro_dairy,isc_gro_dai_butter_and_margarine,isc_gro_dai_but_butter,kerrygold,high,1,genx,MD,0.412,1.438,20170719,F1701,P12M
201704,201605,fmcg,ahold_delhaize,isc_gro_dairy,isc_gro_dai_butter_and_margarine,isc_gro_dai_but_butter,kerrygold,high,4,boomers,MD,4.673,19.578,20170719,F1701,P12M
201704,201605,fmcg,ahold_delhaize,isc_gro_dairy,isc_gro_dai_butter_and_margarine,isc_gro_dai_but_butter,kerrygold,high,4,boomers,ME,1.913,6.104,20170719,F1701,P12M
201704,201605,fmcg,ahold_delhaize,isc_gro_dairy,isc_gro_dai_butter_and_margarine,isc_gro_dai_but_butter,kerrygold,high,4,boomers,NY,1.828,5.465,20170719,F1701,P12M
201704,201605,fmcg,ahold_delhaize,isc_gro_dairy,isc_gro_dai_butter_and_margarine,isc_gro_dai_but_butter,kerrygold,high,4,genx,NC,0.291,1.017,20170719,F1701,P12M
201704,201605,fmcg,ahold_delhaize,isc_gro_dairy,isc_gro_dai_butter_and_margarine,isc_gro_dai_but_butter,kerrygold,high,4,genx,NY,2.68,8.013,20170719,F1701,P12M
201704,201605,fmcg,ahold_delhaize,isc_gro_dairy,isc_gro_dai_butter_and_margarine,isc_gro_dai_but_butter,kerrygold,high,4,genx,VA,1.425,4.612,20170719,F1701,P12M
201704,201605,fmcg,ahold_delhaize,isc_gro_dairy,isc_gro_dai_butter_and_margarine,isc_gro_dai_but_butter,kerrygold,high,4,millennials,MA,2.847,8.512,20170719,F1701,P12M
201704,201605,fmcg,ahold_delhaize,isc_gro_dairy,isc_gro_dai_butter_and_margarine,isc_gro_dai_but_butter,kerrygold,high,4,millennials,NY,0.439,1.314,20170719,F1701,P12M
201704,201605,fmcg,ahold_delhaize,isc_gro_dairy,isc_gro_dai_butter_and_margarine,isc_gro_dai_but_butter,kerrygold,low,4,boomers,VA,2.516,8.782,20170719,F1701,P12M
201704,201605,fmcg,ahold_delhaize,isc_gro_dairy,isc_gro_dai_butter_and_margarine,isc_gro_dai_but_butter,kerrygold,mid,1,genx,NJ,0.455,1.634,20170719,F1701,P12M
201704,201605,fmcg,ahold_delhaize,isc_gro_dairy,isc_gro_dai_butter_and_margarine,isc_gro_dai_but_butter,kerrygold,mid,1,millennials,CT,0.862,2.579,20170719,F1701,P12M
201704,201605,fmcg,ahold_delhaize,isc_gro_dairy,isc_gro_dai_butter_and_margarine,isc_gro_dai_but_butter,kerrygold,mid,4,genx,MA,0.266,0.795,20170719,F1701,P12M
201704,201605,fmcg,ahold_delhaize,isc_gro_dairy,isc_gro_dai_butter_and_margarine,isc_gro_dai_but_butter,kerrygold,mid,4,genx,NC,0.324,1.132,20170719,F1701,P12M
201704,201605,fmcg,ahold_delhaize,isc_gro_dairy,isc_gro_dai_butter_and_margarine,isc_gro_dai_but_butter,kerrygold,mid,4,genx,VT,0.992,3.264,20170719,F1701,P12M
201704,201605,fmcg,ahold_delhaize,isc_gro_dairy,isc_gro_dai_butter_and_margarine,isc_gro_dai_but_butter,kerrygold,mid,4,millennials,MD,0.765,2.338,20170719,F1701,P12M
201704,201605,fmcg,ahold_delhaize,isc_gro_dairy,isc_gro_dai_butter_and_margarine,isc_gro_dai_but_butter,kerrygold,mid,4,millennials,NY,0.434,1.297,20170719,F1701,P12M
201704,201605,fmcg,ahold_delhaize,isc_gro_dairy,isc_gro_dai_butter_and_margarine,isc_gro_dai_but_butter,land_o_lakes,high,1,genx,NY,2.202,5.483,20170719,F1701,P12M
201704,201605,fmcg,ahold_delhaize,isc_gro_dairy,isc_gro_dai_butter_and_margarine,isc_gro_dai_but_butter,land_o_lakes,high,1,millennials,NY,0.662,3.303,20170719,F1701,P12M
201704,201605,fmcg,ahold_delhaize,isc_gro_dairy,isc_gro_dai_butter_and_margarine,isc_gro_dai_but_butter,land_o_lakes,high,2,boomers,PA,2.608,8.32,20170719,F1701,P12M
201704,201605,fmcg,ahold_delhaize,isc_gro_dairy,isc_gro_dai_butter_and_margarine,isc_gro_dai_but_butter,land_o_lakes,high,2,boomers,SC,14.418,63.294,20170719,F1701,P12M
201704,201605,fmcg,ahold_delhaize,isc_gro_dairy,isc_gro_dai_butter_and_margarine,isc_gro_dai_but_butter,land_o_lakes,high,2,genx,MD,1.839,10.098,20170719,F1701,P12M
201704,201605,fmcg,ahold_delhaize,isc_gro_dairy,isc_gro_dai_butter_and_margarine,isc_gro_dai_but_butter,land_o_lakes,high,2,genx,NY,0.718,1.788,20170719,F1701,P12M
201704,201605,fmcg,ahold_delhaize,isc_gro_dairy,isc_gro_dai_butter_and_margarine,isc_gro_dai_but_butter,land_o_lakes,high,2,genx,PA,2.049,8.585,20170719,F1701,P12M
201704,201605,fmcg,ahold_delhaize,isc_gro_dairy,isc_gro_dai_butter_and_margarine,isc_gro_dai_but_butter,land_o_lakes,high,2,genx,VA,2.838,13.593,20170719,F1701,P12M
201704,201605,fmcg,ahold_delhaize,isc_gro_dairy,isc_gro_dai_butter_and_margarine,isc_gro_dai_but_butter,land_o_lakes,high,3,genx,NY,9.028,27.359,20170719,F1701,P12M
201704,201605,fmcg,ahold_delhaize,isc_gro_dairy,isc_gro_dai_butter_and_margarine,isc_gro_dai_but_butter,land_o_lakes,high,3,genx,PA,2.139,8.534,20170719,F1701,P12M
201704,201605,fmcg,ahold_delhaize,isc_gro_dairy,isc_gro_dai_butter_and_margarine,isc_gro_dai_but_butter,land_o_lakes,high,3,millennials,NJ,2.255,11.252,20170719,F1701,P12M
201704,201605,fmcg,ahold_delhaize,isc_gro_dairy,isc_gro_dai_butter_and_margarine,isc_gro_dai_but_butter,land_o_lakes,high,4,boomers,CT,1.913,7.634,20170719,F1701,P12M
201704,201605,fmcg,ahold_delhaize,isc_gro_dairy,isc_gro_dai_butter_and_margarine,isc_gro_dai_but_butter,land_o_lakes,high,4,boomers,MD,29.667,119.898,20170719,F1701,P12M
201704,201605,fmcg,ahold_delhaize,isc_gro_dairy,isc_gro_dai_butter_and_margarine,isc_gro_dai_but_butter,land_o_lakes,high,4,boomers,NC,29.691,167.323,20170719,F1701,P12M
201704,201605,fmcg,ahold_delhaize,isc_gro_dairy,isc_gro_dai_butter_and_margarine,isc_gro_dai_but_butter,land_o_lakes,high,4,boomers,NY,22.686,92.537,20170719,F1701,P12M
201704,201605,fmcg,ahold_delhaize,isc_gro_dairy,isc_gro_dai_butter_and_margarine,isc_gro_dai_but_butter,land_o_lakes,high,4,boomers,PA,69.905,267.512,20170719,F1701,P12M
201704,201605,fmcg,ahold_delhaize,isc_gro_dairy,isc_gro_dai_butter_and_margarine,isc_gro_dai_but_butter,land_o_lakes,high,4,boomers,SC,5.544,30.99,20170719,F1701,P12M
201704,201605,fmcg,ahold_delhaize,isc_gro_dairy,isc_gro_dai_butter_and_margarine,isc_gro_dai_but_butter,land_o_lakes,high,4,boomers,VA,11.81,46.343,20170719,F1701,P12M
201704,201605,fmcg,ahold_delhaize,isc_gro_dairy,isc_gro_dai_butter_and_margarine,isc_gro_dai_but_butter,land_o_lakes,high,4,genx,CT,0.291,1.396,20170719,F1701,P12M
201704,201605,fmcg,ahold_delhaize,isc_gro_dairy,isc_gro_dai_butter_and_margarine,isc_gro_dai_but_butter,land_o_lakes,high,4,genx,MA,2.314,8.627,20170719,F1701,P12M
201704,201605,fmcg,ahold_delhaize,isc_gro_dairy,isc_gro_dai_butter_and_margarine,isc_gro_dai_but_butter,land_o_lakes,high,4,genx,MD,7.614,38.36,20170719,F1701,P12M
201704,201605,fmcg,ahold_delhaize,isc_gro_dairy,isc_gro_dai_butter_and_margarine,isc_gro_dai_but_butter,land_o_lakes,high,4,genx,MI,0.285,1.392,20170719,F1701,P12M
201704,201605,fmcg,ahold_delhaize,isc_gro_dairy,isc_gro_dai_butter_and_margarine,isc_gro_dai_but_butter,land_o_lakes,high,4,genx,NC,2.456,10.108,20170719,F1701,P12M
201704,201605,fmcg,ahold_delhaize,isc_gro_dairy,isc_gro_dai_butter_and_margarine,isc_gro_dai_but_butter,land_o_lakes,high,4,genx,NJ,2.956,9.294,20170719,F1701,P12M
201704,201605,fmcg,ahold_delhaize,isc_gro_dairy,isc_gro_dai_butter_and_margarine,isc_gro_dai_but_butter,land_o_lakes,high,4,genx,NY,10.996,36.775,20170719,F1701,P12M
201704,201605,fmcg,ahold_delhaize,isc_gro_dairy,isc_gro_dai_butter_and_margarine,isc_gro_dai_but_butter,land_o_lakes,high,4,genx,PA,22.601,78.949,20170719,F1701,P12M
201704,201605,fmcg,ahold_delhaize,isc_gro_dairy,isc_gro_dai_butter_and_margarine,isc_gro_dai_but_butter,land_o_lakes,high,4,genx,VA,9.573,40.577,20170719,F1701,P12M
201704,201605,fmcg,ahold_delhaize,isc_gro_dairy,isc_gro_dai_butter_and_margarine,isc_gro_dai_but_butter,land_o_lakes,high,4,genx,WV,2.097,13.244,20170719,F1701,P12M
201704,201605,fmcg,ahold_delhaize,isc_gro_dairy,isc_gro_dai_butter_and_margarine,isc_gro_dai_but_butter,land_o_lakes,high,4,millennials,CT,0.798,2.393,20170719,F1701,P12M
201704,201605,fmcg,ahold_delhaize,isc_gro_dairy,isc_gro_dai_butter_and_margarine,isc_gro_dai_but_butter,land_o_lakes,high,4,millennials,MA,0.817,3.178,20170719,F1701,P12M
201704,201605,fmcg,ahold_delhaize,isc_gro_dairy,isc_gro_dai_butter_and_margarine,isc_gro_dai_but_butter,land_o_lakes,high,4,millennials,MD,0.381,0.948,20170719,F1701,P12M
201704,201605,fmcg,ahold_delhaize,isc_gro_dairy,isc_gro_dai_butter_and_margarine,isc_gro_dai_but_butter,land_o_lakes,high,4,millennials,NY,2.903,10.506,20170719,F1701,P12M
201704,201605,fmcg,ahold_delhaize,isc_gro_dairy,isc_gro_dai_butter_and_margarine,isc_gro_dai_but_butter,land_o_lakes,high,4,millennials,PA,4.078,13.821,20170719,F1701,P12M
201704,201605,fmcg,ahold_delhaize,isc_gro_dairy,isc_gro_dai_butter_and_margarine,isc_gro_dai_but_butter,land_o_lakes,high,4,millennials,TX,1.07,3.199,20170719,F1701,P12M
201704,201605,fmcg,ahold_delhaize,isc_gro_dairy,isc_gro_dai_butter_and_margarine,isc_gro_dai_but_butter,land_o_lakes,high,4,millennials,VA,0.672,2.169,20170719,F1701,P12M
201704,201605,fmcg,ahold_delhaize,isc_gro_dairy,isc_gro_dai_butter_and_margarine,isc_gro_dai_but_butter,land_o_lakes,high,5,genx,DE,0.513,1.637,20170719,F1701,P12M
201704,201605,fmcg,ahold_delhaize,isc_gro_dairy,isc_gro_dai_butter_and_margarine,isc_gro_dai_but_butter,land_o_lakes,high,5,genx,VA,0.359,1.936,20170719,F1701,P12M
201704,201605,fmcg,ahold_delhaize,isc_gro_dairy,isc_gro_dai_butter_and_margarine,isc_gro_dai_but_butter,land_o_lakes,low,1,genx,NY,0.888,1.768,20170719,F1701,P12M
201704,201605,fmcg,ahold_delhaize,isc_gro_dairy,isc_gro_dai_butter_and_margarine,isc_gro_dai_but_butter,land_o_lakes,low,1,millennials,MD,0.386,1.851,20170719,F1701,P12M
201704,201605,fmcg,ahold_delhaize,isc_gro_dairy,isc_gro_dai_butter_and_margarine,isc_gro_dai_but_butter,land_o_lakes,low,1,millennials,PA,22.316,95.736,20170719,F1701,P12M
201704,201605,fmcg,ahold_delhaize,isc_gro_dairy,isc_gro_dai_butter_and_margarine,isc_gro_dai_but_butter,land_o_lakes,low,2,genx,NY,1.008,5.03,20170719,F1701,P12M
201704,201605,fmcg,ahold_delhaize,isc_gro_dairy,isc_gro_dai_butter_and_margarine,isc_gro_dai_but_butter,land_o_lakes,low,3,millennials,NC,0.401,2.199,20170719,F1701,P12M
201704,201605,fmcg,ahold_delhaize,isc_gro_dairy,isc_gro_dai_butter_and_margarine,isc_gro_dai_but_butter,land_o_lakes,low,3,millennials,NJ,0.525,2.095,20170719,F1701,P12M
201704,201605,fmcg,ahold_delhaize,isc_gro_dairy,isc_gro_dai_butter_and_margarine,isc_gro_dai_but_butter,land_o_lakes,low,4,boomers,MD,3.065,7.632,20170719,F1701,P12M
201704,201605,fmcg,ahold_delhaize,isc_gro_dairy,isc_gro_dai_butter_and_margarine,isc_gro_dai_but_butter,land_o_lakes,low,4,boomers,NC,7.373,38.653,20170719,F1701,P12M
201704,201605,fmcg,ahold_delhaize,isc_gro_dairy,isc_gro_dai_butter_and_margarine,isc_gro_dai_but_butter,land_o_lakes,low,4,boomers,PA,38.122,134.93,20170719,F1701,P12M
201704,201605,fmcg,ahold_delhaize,isc_gro_dairy,isc_gro_dai_butter_and_margarine,isc_gro_dai_but_butter,land_o_lakes,low,4,boomers,RI,6.088,15.769,20170719,F1701,P12M
201704,201605,fmcg,ahold_delhaize,isc_gro_dairy,isc_gro_dai_butter_and_margarine,isc_gro_dai_but_butter,land_o_lakes,low,4,genx,KY,0.758,4.086,20170719,F1701,P12M
201704,201605,fmcg,ahold_delhaize,isc_gro_dairy,isc_gro_dai_butter_and_margarine,isc_gro_dai_but_butter,land_o_lakes,low,4,genx,MD,0.964,4.823,20170719,F1701,P12M
201704,201605,fmcg,ahold_delhaize,isc_gro_dairy,isc_gro_dai_butter_and_margarine,isc_gro_dai_but_butter,land_o_lakes,low,4,genx,NC,0.464,1.338,20170719,F1701,P12M
201704,201605,fmcg,ahold_delhaize,isc_gro_dairy,isc_gro_dai_butter_and_margarine,isc_gro_dai_but_butter,land_o_lakes,low,4,genx,PA,4.99,16.166,20170719,F1701,P12M
201704,201605,fmcg,ahold_delhaize,isc_gro_dairy,isc_gro_dai_butter_and_margarine,isc_gro_dai_but_butter,land_o_lakes,low,4,genx,VA,0.474,1.608,20170719,F1701,P12M
201704,201605,fmcg,ahold_delhaize,isc_gro_dairy,isc_gro_dai_butter_and_margarine,isc_gro_dai_but_butter,land_o_lakes,low,4,millennials,DC,0.276,1.324,20170719,F1701,P12M
201704,201605,fmcg,ahold_delhaize,isc_gro_dairy,isc_gro_dai_butter_and_margarine,isc_gro_dai_but_butter,land_o_lakes,low,4,millennials,KS,2.568,12.3,20170719,F1701,P12M
201704,201605,fmcg,ahold_delhaize,isc_gro_dairy,isc_gro_dai_butter_and_margarine,isc_gro_dai_but_butter,land_o_lakes,low,4,millennials,MA,1.278,3.433,20170719,F1701,P12M
201704,201605,fmcg,ahold_delhaize,isc_gro_dairy,isc_gro_dai_butter_and_margarine,isc_gro_dai_but_butter,land_o_lakes,low,4,millennials,NC,0.406,2.23,20170719,F1701,P12M
201704,201605,fmcg,ahold_delhaize,isc_gro_dairy,isc_gro_dai_butter_and_margarine,isc_gro_dai_but_butter,land_o_lakes,low,4,millennials,NY,2.893,8.685,20170719,F1701,P12M
201704,201605,fmcg,ahold_delhaize,isc_gro_dairy,isc_gro_dai_butter_and_margarine,isc_gro_dai_but_butter,land_o_lakes,low,4,millennials,PA,6.874,24.619,20170719,F1701,P12M
201704,201605,fmcg,ahold_delhaize,isc_gro_dairy,isc_gro_dai_butter_and_margarine,isc_gro_dai_but_butter,land_o_lakes,low,5,genx,ME,0.34,0.881,20170719,F1701,P12M
201704,201605,fmcg,ahold_delhaize,isc_gro_dairy,isc_gro_dai_butter_and_margarine,isc_gro_dai_but_butter,land_o_lakes,mid,1,genx,VA,0.254,0.605,20170719,F1701,P12M
201704,201605,fmcg,ahold_delhaize,isc_gro_dairy,isc_gro_dai_butter_and_margarine,isc_gro_dai_but_butter,land_o_lakes,mid,2,boomers,NY,2.455,13.48,20170719,F1701,P12M
201704,201605,fmcg,ahold_delhaize,isc_gro_dairy,isc_gro_dai_butter_and_margarine,isc_gro_dai_but_butter,land_o_lakes,mid,2,genx,NC,0.931,5.111,20170719,F1701,P12M
201704,201605,fmcg,ahold_delhaize,isc_gro_dairy,isc_gro_dai_butter_and_margarine,isc_gro_dai_but_butter,land_o_lakes,mid,2,genx,PA,1.44,3.585,20170719,F1701,P12M
201704,201605,fmcg,ahold_delhaize,isc_gro_dairy,isc_gro_dai_butter_and_margarine,isc_gro_dai_but_butter,land_o_lakes,mid,2,genx,VA,0.632,2.522,20170719,F1701,P12M
201704,201605,fmcg,ahold_delhaize,isc_gro_dairy,isc_gro_dai_butter_and_margarine,isc_gro_dai_but_butter,land_o_lakes,mid,2,millennials,VA,4.714,23.856,20170719,F1701,P12M
201704,201605,fmcg,ahold_delhaize,isc_gro_dairy,isc_gro_dai_butter_and_margarine,isc_gro_dai_but_butter,land_o_lakes,mid,3,boomers,PR,3.854,8.441,20170719,F1701,P12M
201704,201605,fmcg,ahold_delhaize,isc_gro_dairy,isc_gro_dai_butter_and_margarine,isc_gro_dai_but_butter,land_o_lakes,mid,3,genx,NY,1.149,5.733,20170719,F1701,P12M
201704,201605,fmcg,ahold_delhaize,isc_gro_dairy,isc_gro_dai_butter_and_margarine,isc_gro_dai_but_butter,land_o_lakes,mid,4,boomers,CT,7.042,33.025,20170719,F1701,P12M
201704,201605,fmcg,ahold_delhaize,isc_gro_dairy,isc_gro_dai_butter_and_margarine,isc_gro_dai_but_butter,land_o_lakes,mid,4,boomers,FL,4.655,17.177,20170719,F1701,P12M
201704,201605,fmcg,ahold_delhaize,isc_gro_dairy,isc_gro_dai_butter_and_margarine,isc_gro_dai_but_butter,land_o_lakes,mid,4,boomers,MD,3.829,18.342,20170719,F1701,P12M
201704,201605,fmcg,ahold_delhaize,isc_gro_dairy,isc_gro_dai_butter_and_margarine,isc_gro_dai_but_butter,land_o_lakes,mid,4,boomers,NC,12.187,50.811,20170719,F1701,P12M
201704,201605,fmcg,ahold_delhaize,isc_gro_dairy,isc_gro_dai_butter_and_margarine,isc_gro_dai_but_butter,land_o_lakes,mid,4,boomers,NY,13.596,37.085,20170719,F1701,P12M
201704,201605,fmcg,ahold_delhaize,isc_gro_dairy,isc_gro_dai_butter_and_margarine,isc_gro_dai_but_butter,land_o_lakes,mid,4,boomers,PA,23.64,76.217,20170719,F1701,P12M
201704,201605,fmcg,ahold_delhaize,isc_gro_dairy,isc_gro_dai_butter_and_margarine,isc_gro_dai_but_butter,land_o_lakes,mid,4,boomers,VA,18.593,96.572,20170719,F1701,P12M
201704,201605,fmcg,ahold_delhaize,isc_gro_dairy,isc_gro_dai_butter_and_margarine,isc_gro_dai_but_butter,land_o_lakes,mid,4,boomers,WV,7.209,30.205,20170719,F1701,P12M
201704,201605,fmcg,ahold_delhaize,isc_gro_dairy,isc_gro_dai_butter_and_margarine,isc_gro_dai_but_butter,land_o_lakes,mid,4,genx,CT,2.108,6.324,20170719,F1701,P12M
201704,201605,fmcg,ahold_delhaize,isc_gro_dairy,isc_gro_dai_butter_and_margarine,isc_gro_dai_but_butter,land_o_lakes,mid,4,genx,DE,0.578,2.768,20170719,F1701,P12M
201704,201605,fmcg,ahold_delhaize,isc_gro_dairy,isc_gro_dai_butter_and_margarine,isc_gro_dai_but_butter,land_o_lakes,mid,4,genx,FL,1.095,2.617,20170719,F1701,P12M
201704,201605,fmcg,ahold_delhaize,isc_gro_dairy,isc_gro_dai_butter_and_margarine,isc_gro_dai_but_butter,land_o_lakes,mid,4,genx,MA,0.405,1.939,20170719,F1701,P12M
201704,201605,fmcg,ahold_delhaize,isc_gro_dairy,isc_gro_dai_butter_and_margarine,isc_gro_dai_but_butter,land_o_lakes,mid,4,genx,MD,1.074,3.459,20170719,F1701,P12M
201704,201605,fmcg,ahold_delhaize,isc_gro_dairy,isc_gro_dai_butter_and_margarine,isc_gro_dai_but_butter,land_o_lakes,mid,4,genx,ME,0.477,1.901,20170719,F1701,P12M
201704,201605,fmcg,ahold_delhaize,isc_gro_dairy,isc_gro_dai_butter_and_margarine,isc_gro_dai_but_butter,land_o_lakes,mid,4,genx,NC,1.275,6.038,20170719,F1701,P12M
201704,201605,fmcg,ahold_delhaize,isc_gro_dairy,isc_gro_dai_butter_and_margarine,isc_gro_dai_but_butter,land_o_lakes,mid,4,genx,NJ,1.113,4.194,20170719,F1701,P12M
201704,201605,fmcg,ahold_delhaize,isc_gro_dairy,isc_gro_dai_butter_and_margarine,isc_gro_dai_but_butter,land_o_lakes,mid,4,genx,NY,2.959,7.78,20170719,F1701,P12M
201704,201605,fmcg,ahold_delhaize,isc_gro_dairy,isc_gro_dai_butter_and_margarine,isc_gro_dai_but_butter,land_o_lakes,mid,4,genx,PA,7.571,29.102,20170719,F1701,P12M
201704,201605,fmcg,ahold_delhaize,isc_gro_dairy,isc_gro_dai_butter_and_margarine,isc_gro_dai_but_butter,land_o_lakes,mid,4,genx,RI,0.465,1.396,20170719,F1701,P12M
201704,201605,fmcg,ahold_delhaize,isc_gro_dairy,isc_gro_dai_butter_and_margarine,isc_gro_dai_but_butter,land_o_lakes,mid,4,genx,VA,1.032,2.503,20170719,F1701,P12M
201704,201605,fmcg,ahold_delhaize,isc_gro_dairy,isc_gro_dai_butter_and_margarine,isc_gro_dai_but_butter,land_o_lakes,mid,4,millennials,GA,0.253,1.467,20170719,F1701,P12M
201704,201605,fmcg,ahold_delhaize,isc_gro_dairy,isc_gro_dai_butter_and_margarine,isc_gro_dai_but_butter,land_o_lakes,mid,4,millennials,MD,0.752,3.603,20170719,F1701,P12M
201704,201605,fmcg,ahold_delhaize,isc_gro_dairy,isc_gro_dai_butter_and_margarine,isc_gro_dai_but_butter,land_o_lakes,mid,4,millennials,NC,0.749,4.112,20170719,F1701,P12M
201704,201605,fmcg,ahold_delhaize,isc_gro_dairy,isc_gro_dai_butter_and_margarine,isc_gro_dai_but_butter,land_o_lakes,mid,4,millennials,NY,0.267,1.334,20170719,F1701,P12M
201704,201605,fmcg,ahold_delhaize,isc_gro_dairy,isc_gro_dai_butter_and_margarine,isc_gro_dai_but_butter,land_o_lakes,mid,4,millennials,PA,0.722,3.027,20170719,F1701,P12M
201704,201605,fmcg,ahold_delhaize,isc_gro_dairy,isc_gro_dai_butter_and_margarine,isc_gro_dai_but_butter,land_o_lakes,mid,4,millennials,VA,1.418,5.279,20170719,F1701,P12M
201704,201605,fmcg,ahold_delhaize,isc_gro_dairy,isc_gro_dai_butter_and_margarine,isc_gro_dai_but_butter,land_o_lakes,mid,4,seniors,TN,3.171,10.749,20170719,F1701,P12M
201704,201605,fmcg,ahold_delhaize,isc_gro_dairy,isc_gro_dai_butter_and_margarine,isc_gro_dai_but_butter,land_o_lakes,mid,4,seniors,TX,7.209,39.577,20170719,F1701,P12M
201704,201605,fmcg,ahold_delhaize,isc_gro_dairy,isc_gro_dai_butter_and_margarine,isc_gro_dai_but_butter,land_o_lakes,mid,4,seniors,WV,6.748,22.537,20170719,F1701,P12M
201704,201605,fmcg,ahold_delhaize,isc_gro_dairy,isc_gro_dai_butter_and_margarine,isc_gro_dai_but_butter,land_o_lakes,mid,5,boomers,PA,0.271,1.352,20170719,F1701,P12M
201704,201605,fmcg,ahold_delhaize,isc_gro_dairy,isc_gro_dai_butter_and_margarine,isc_gro_dai_but_butter,land_o_lakes,mid,5,genx,PA,0.27,0.673,20170719,F1701,P12M
201704,201605,fmcg,ahold_delhaize,isc_gro_dairy,isc_gro_dai_butter_and_margarine,isc_gro_dai_but_butter,organic_valley,high,4,boomers,PA,3.043,19.901,20170719,F1701,P12M
201704,201605,fmcg,ahold_delhaize,isc_gro_dairy,isc_gro_dai_butter_and_margarine,isc_gro_dai_but_butter,organic_valley,high,4,millennials,MD,0.439,3.071,20170719,F1701,P12M
201704,201605,fmcg,ahold_delhaize,isc_gro_dairy,isc_gro_dai_butter_and_margarine,isc_gro_dai_but_butter,plu_dairy,high,2,genx,MD,3.004,11.084,20170719,F1701,P12M
201704,201605,fmcg,ahold_delhaize,isc_gro_dairy,isc_gro_dai_butter_and_margarine,isc_gro_dai_but_butter,plu_dairy,high,4,genx,PA,0.548,1.584,20170719,F1701,P12M
201704,201605,fmcg,ahold_delhaize,isc_gro_dairy,isc_gro_dai_butter_and_margarine,isc_gro_dai_but_butter,plu_dairy,mid,4,boomers,SC,1.306,0.105,20170719,F1701,P12M
201704,201605,fmcg,ahold_delhaize,isc_gro_dairy,isc_gro_dai_butter_and_margarine,isc_gro_dai_but_butter,private_label,low,4,boomers,VA,1.14,3.328,20170719,F1701,P12M
201704,201605,fmcg,ahold_delhaize,isc_gro_dairy,isc_gro_dai_butter_and_margarine,isc_gro_dai_but_butter,private_label,mid,4,genx,TN,0.352,1.224,20170719,F1701,P12M
201704,201605,fmcg,ahold_delhaize,isc_gro_dairy,isc_gro_dai_butter_and_margarine,isc_gro_dai_but_butter,smart_balance,low,4,boomers,NY,0.501,1.397,20170719,F1701,P12M
201704,201605,fmcg,ahold_delhaize,isc_gro_dairy,isc_gro_dai_butter_and_margarine,isc_gro_dai_but_margarine_and_vegetable_oil_spreads,blue_bonnet,high,2,genx,MD,1.091,1.735,20170719,F1701,P12M
201704,201605,fmcg,ahold_delhaize,isc_gro_dairy,isc_gro_dai_butter_and_margarine,isc_gro_dai_but_margarine_and_vegetable_oil_spreads,blue_bonnet,high,2,genx,VA,9.931,9.832,20170719,F1701,P12M
201704,201605,fmcg,ahold_delhaize,isc_gro_dairy,isc_gro_dai_butter_and_margarine,isc_gro_dai_but_margarine_and_vegetable_oil_spreads,blue_bonnet,high,2,genx,WV,2.677,8.78,20170719,F1701,P12M
201704,201605,fmcg,ahold_delhaize,isc_gro_dairy,isc_gro_dai_butter_and_margarine,isc_gro_dai_but_margarine_and_vegetable_oil_spreads,blue_bonnet,high,2,millennials,SC,0.933,0.923,20170719,F1701,P12M
201704,201605,fmcg,ahold_delhaize,isc_gro_dairy,isc_gro_dai_butter_and_margarine,isc_gro_dai_but_margarine_and_vegetable_oil_spreads,blue_bonnet,high,4,boomers,MD,3.043,3.013,20170719,F1701,P12M
201704,201605,fmcg,ahold_delhaize,isc_gro_dairy,isc_gro_dai_butter_and_margarine,isc_gro_dai_but_margarine_and_vegetable_oil_spreads,blue_bonnet,high,4,boomers,NC,3.707,3.67,20170719,F1701,P12M
201704,201605,fmcg,ahold_delhaize,isc_gro_dairy,isc_gro_dai_butter_and_margarine,isc_gro_dai_but_margarine_and_vegetable_oil_spreads,blue_bonnet,high,4,boomers,SC,1.913,1.894,20170719,F1701,P12M
201704,201605,fmcg,ahold_delhaize,isc_gro_dairy,isc_gro_dai_butter_and_margarine,isc_gro_dai_but_margarine_and_vegetable_oil_spreads,blue_bonnet,high,4,boomers,VA,10.334,10.231,20170719,F1701,P12M
201704,201605,fmcg,ahold_delhaize,isc_gro_dairy,isc_gro_dai_butter_and_margarine,isc_gro_dai_but_margarine_and_vegetable_oil_spreads,blue_bonnet,high,4,genx,IN,2.452,4.88,20170719,F1701,P12M
201704,201605,fmcg,ahold_delhaize,isc_gro_dairy,isc_gro_dai_butter_and_margarine,isc_gro_dai_but_margarine_and_vegetable_oil_spreads,blue_bonnet,high,4,genx,NC,1.917,1.898,20170719,F1701,P12M
201704,201605,fmcg,ahold_delhaize,isc_gro_dairy,isc_gro_dai_butter_and_margarine,isc_gro_dai_but_margarine_and_vegetable_oil_spreads,blue_bonnet,high,4,genx,PA,1.304,1.424,20170719,F1701,P12M
201704,201605,fmcg,ahold_delhaize,isc_gro_dairy,isc_gro_dai_butter_and_margarine,isc_gro_dai_but_margarine_and_vegetable_oil_spreads,blue_bonnet,high,4,genx,SC,0.964,0.954,20170719,F1701,P12M
201704,201605,fmcg,ahold_delhaize,isc_gro_dairy,isc_gro_dai_butter_and_margarine,isc_gro_dai_but_margarine_and_vegetable_oil_spreads,blue_bonnet,high,4,genx,VA,2.105,2.084,20170719,F1701,P12M
201704,201605,fmcg,ahold_delhaize,isc_gro_dairy,isc_gro_dai_butter_and_margarine,isc_gro_dai_but_margarine_and_vegetable_oil_spreads,blue_bonnet,high,4,genx,WV,0.503,0.548,20170719,F1701,P12M
201704,201605,fmcg,ahold_delhaize,isc_gro_dairy,isc_gro_dai_butter_and_margarine,isc_gro_dai_but_margarine_and_vegetable_oil_spreads,blue_bonnet,high,5,genx,NC,0.209,0.206,20170719,F1701,P12M
201704,201605,fmcg,ahold_delhaize,isc_gro_dairy,isc_gro_dai_butter_and_margarine,isc_gro_dai_but_margarine_and_vegetable_oil_spreads,blue_bonnet,low,2,genx,SC,0.667,0.66,20170719,F1701,P12M
201704,201605,fmcg,ahold_delhaize,isc_gro_dairy,isc_gro_dai_butter_and_margarine,isc_gro_dai_but_margarine_and_vegetable_oil_spreads,blue_bonnet,low,2,millennials,NC,0.46,0.455,20170719,F1701,P12M
201704,201605,fmcg,ahold_delhaize,isc_gro_dairy,isc_gro_dai_butter_and_margarine,isc_gro_dai_but_margarine_and_vegetable_oil_spreads,blue_bonnet,low,4,boomers,NC,1.009,0.999,20170719,F1701,P12M
201704,201605,fmcg,ahold_delhaize,isc_gro_dairy,isc_gro_dai_butter_and_margarine,isc_gro_dai_but_margarine_and_vegetable_oil_spreads,blue_bonnet,low,4,boomers,VA,2.765,2.738,20170719,F1701,P12M
201704,201605,fmcg,ahold_delhaize,isc_gro_dairy,isc_gro_dai_butter_and_margarine,isc_gro_dai_but_margarine_and_vegetable_oil_spreads,blue_bonnet,low,4,boomers,WV,2.776,2.748,20170719,F1701,P12M
201704,201605,fmcg,ahold_delhaize,isc_gro_dairy,isc_gro_dai_butter_and_margarine,isc_gro_dai_but_margarine_and_vegetable_oil_spreads,blue_bonnet,low,4,genx,GA,0.374,0.37,20170719,F1701,P12M
201704,201605,fmcg,ahold_delhaize,isc_gro_dairy,isc_gro_dai_butter_and_margarine,isc_gro_dai_but_margarine_and_vegetable_oil_spreads,blue_bonnet,low,4,genx,NC,3.523,7.338,20170719,F1701,P12M
201704,201605,fmcg,ahold_delhaize,isc_gro_dairy,isc_gro_dai_butter_and_margarine,isc_gro_dai_but_margarine_and_vegetable_oil_spreads,blue_bonnet,low,4,genx,NY,1.178,4.229,20170719,F1701,P12M
201704,201605,fmcg,ahold_delhaize,isc_gro_dairy,isc_gro_dai_butter_and_margarine,isc_gro_dai_but_margarine_and_vegetable_oil_spreads,blue_bonnet,low,4,genx,PA,2.452,2.538,20170719,F1701,P12M
201704,201605,fmcg,ahold_delhaize,isc_gro_dairy,isc_gro_dai_butter_and_margarine,isc_gro_dai_but_margarine_and_vegetable_oil_spreads,blue_bonnet,low,4,genx,VA,4.665,6.317,20170719,F1701,P12M
201704,201605,fmcg,ahold_delhaize,isc_gro_dairy,isc_gro_dai_butter_and_margarine,isc_gro_dai_but_margarine_and_vegetable_oil_spreads,blue_bonnet,low,4,millennials,MD,4.016,7.148,20170719,F1701,P12M
201704,201605,fmcg,ahold_delhaize,isc_gro_dairy,isc_gro_dai_butter_and_margarine,isc_gro_dai_but_margarine_and_vegetable_oil_spreads,blue_bonnet,low,4,millennials,NC,1.146,1.926,20170719,F1701,P12M
201704,201605,fmcg,ahold_delhaize,isc_gro_dairy,isc_gro_dai_butter_and_margarine,isc_gro_dai_but_margarine_and_vegetable_oil_spreads,blue_bonnet,low,4,millennials,VA,1.913,3.43,20170719,F1701,P12M
201704,201605,fmcg,ahold_delhaize,isc_gro_dairy,isc_gro_dai_butter_and_margarine,isc_gro_dai_but_margarine_and_vegetable_oil_spreads,blue_bonnet,mid,2,genx,CT,1.823,1.823,20170719,F1701,P12M
201704,201605,fmcg,ahold_delhaize,isc_gro_dairy,isc_gro_dai_butter_and_margarine,isc_gro_dai_but_margarine_and_vegetable_oil_spreads,blue_bonnet,mid,2,genx,MD,0.745,0.738,20170719,F1701,P12M
201704,201605,fmcg,ahold_delhaize,isc_gro_dairy,isc_gro_dai_butter_and_margarine,isc_gro_dai_but_margarine_and_vegetable_oil_spreads,blue_bonnet,mid,2,genx,PA,1.078,1.175,20170719,F1701,P12M
201704,201605,fmcg,ahold_delhaize,isc_gro_dairy,isc_gro_dai_butter_and_margarine,isc_gro_dai_but_margarine_and_vegetable_oil_spreads,blue_bonnet,mid,2,genx,SC,2.706,2.679,20170719,F1701,P12M
201704,201605,fmcg,ahold_delhaize,isc_gro_dairy,isc_gro_dai_butter_and_margarine,isc_gro_dai_but_margarine_and_vegetable_oil_spreads,blue_bonnet,mid,2,millennials,MD,0.975,1.062,20170719,F1701,P12M
201704,201605,fmcg,ahold_delhaize,isc_gro_dairy,isc_gro_dai_butter_and_margarine,isc_gro_dai_but_margarine_and_vegetable_oil_spreads,blue_bonnet,mid,2,millennials,NC,1.093,1.082,20170719,F1701,P12M
201704,201605,fmcg,ahold_delhaize,isc_gro_dairy,isc_gro_dai_butter_and_margarine,isc_gro_dai_but_margarine_and_vegetable_oil_spreads,blue_bonnet,mid,2,millennials,VA,0.803,0.795,20170719,F1701,P12M
201704,201605,fmcg,ahold_delhaize,isc_gro_dairy,isc_gro_dai_butter_and_margarine,isc_gro_dai_but_margarine_and_vegetable_oil_spreads,blue_bonnet,mid,4,boomers,NC,4.064,5.258,20170719,F1701,P12M
201704,201605,fmcg,ahold_delhaize,isc_gro_dairy,isc_gro_dai_butter_and_margarine,isc_gro_dai_but_margarine_and_vegetable_oil_spreads,blue_bonnet,mid,4,boomers,PA,4.092,4.092,20170719,F1701,P12M
201704,201605,fmcg,ahold_delhaize,isc_gro_dairy,isc_gro_dai_butter_and_margarine,isc_gro_dai_but_margarine_and_vegetable_oil_spreads,blue_bonnet,mid,4,genx,ME,0.676,0.676,20170719,F1701,P12M
201704,201605,fmcg,ahold_delhaize,isc_gro_dairy,isc_gro_dai_butter_and_margarine,isc_gro_dai_but_margarine_and_vegetable_oil_spreads,blue_bonnet,mid,4,genx,NC,1.105,1.094,20170719,F1701,P12M
201704,201605,fmcg,ahold_delhaize,isc_gro_dairy,isc_gro_dai_butter_and_margarine,isc_gro_dai_but_margarine_and_vegetable_oil_spreads,blue_bonnet,mid,4,genx,VA,1.791,1.773,20170719,F1701,P12M
201704,201605,fmcg,ahold_delhaize,isc_gro_dairy,isc_gro_dai_butter_and_margarine,isc_gro_dai_but_margarine_and_vegetable_oil_spreads,blue_bonnet,mid,4,genx,WV,0.346,0.617,20170719,F1701,P12M
201704,201605,fmcg,ahold_delhaize,isc_gro_dairy,isc_gro_dai_butter_and_margarine,isc_gro_dai_but_margarine_and_vegetable_oil_spreads,blue_bonnet,mid,4,millennials,MD,0.737,0.73,20170719,F1701,P12M
201704,201605,fmcg,ahold_delhaize,isc_gro_dairy,isc_gro_dai_butter_and_margarine,isc_gro_dai_but_margarine_and_vegetable_oil_spreads,blue_bonnet,mid,4,millennials,NC,1.154,5.457,20170719,F1701,P12M
201704,201605,fmcg,ahold_delhaize,isc_gro_dairy,isc_gro_dai_butter_and_margarine,isc_gro_dai_but_margarine_and_vegetable_oil_spreads,blue_bonnet,mid,4,millennials,PA,2.878,3.137,20170719,F1701,P12M
201704,201605,fmcg,ahold_delhaize,isc_gro_dairy,isc_gro_dai_butter_and_margarine,isc_gro_dai_but_margarine_and_vegetable_oil_spreads,brummel_n_brown,high,4,boomers,MD,4.472,13.372,20170719,F1701,P12M
201704,201605,fmcg,ahold_delhaize,isc_gro_dairy,isc_gro_dai_butter_and_margarine,isc_gro_dai_but_margarine_and_vegetable_oil_spreads,brummel_n_brown,high,4,boomers,TN,5.167,16.432,20170719,F1701,P12M
201704,201605,fmcg,ahold_delhaize,isc_gro_dairy,isc_gro_dai_butter_and_margarine,isc_gro_dai_but_margarine_and_vegetable_oil_spreads,brummel_n_brown,high,4,millennials,VA,1.086,3.89,20170719,F1701,P12M
201704,201605,fmcg,ahold_delhaize,isc_gro_dairy,isc_gro_dai_butter_and_margarine,isc_gro_dai_but_margarine_and_vegetable_oil_spreads,brummel_n_brown,low,4,boomers,NC,2.02,6.646,20170719,F1701,P12M
201704,201605,fmcg,ahold_delhaize,isc_gro_dairy,isc_gro_dai_butter_and_margarine,isc_gro_dai_but_margarine_and_vegetable_oil_spreads,brummel_n_brown,mid,4,boomers,MD,3.36,10.686,20170719,F1701,P12M
201704,201605,fmcg,ahold_delhaize,isc_gro_dairy,isc_gro_dai_butter_and_margarine,isc_gro_dai_but_margarine_and_vegetable_oil_spreads,brummel_n_brown,mid,4,genx,VT,0.352,1.227,20170719,F1701,P12M
201704,201605,fmcg,ahold_delhaize,isc_gro_dairy,isc_gro_dai_butter_and_margarine,isc_gro_dai_but_margarine_and_vegetable_oil_spreads,challenge,high,4,genx,MI,1.045,3.135,20170719,F1701,P12M
201704,201605,fmcg,ahold_delhaize,isc_gro_dairy,isc_gro_dai_butter_and_margarine,isc_gro_dai_but_margarine_and_vegetable_oil_spreads,earth_balance,high,4,genx,NY,1.011,4.339,20170719,F1701,P12M
201704,201605,fmcg,ahold_delhaize,isc_gro_dairy,isc_gro_dai_butter_and_margarine,isc_gro_dai_but_margarine_and_vegetable_oil_spreads,earth_balance,low,4,genx,NC,0.318,1.27,20170719,F1701,P12M
201704,201605,fmcg,ahold_delhaize,isc_gro_dairy,isc_gro_dai_butter_and_margarine,isc_gro_dai_but_margarine_and_vegetable_oil_spreads,earth_balance,mid,4,boomers,VA,1.077,4.297,20170719,F1701,P12M
201704,201605,fmcg,ahold_delhaize,isc_gro_dairy,isc_gro_dai_butter_and_margarine,isc_gro_dai_but_margarine_and_vegetable_oil_spreads,earth_balance,mid,4,genx,NC,0.427,1.702,20170719,F1701,P12M
201704,201605,fmcg,ahold_delhaize,isc_gro_dairy,isc_gro_dai_butter_and_margarine,isc_gro_dai_but_margarine_and_vegetable_oil_spreads,fleischmanns,high,4,genx,NJ,0.991,2.766,20170719,F1701,P12M
201704,201605,fmcg,ahold_delhaize,isc_gro_dairy,isc_gro_dai_butter_and_margarine,isc_gro_dai_but_margarine_and_vegetable_oil_spreads,fleischmanns,mid,4,boomers,WV,9.009,20.63,20170719,F1701,P12M
201704,201605,fmcg,ahold_delhaize,isc_gro_dairy,isc_gro_dai_butter_and_margarine,isc_gro_dai_but_margarine_and_vegetable_oil_spreads,i_cant_believe_its_not_butter,high,2,boomers,NC,2.608,18.232,20170719,F1701,P12M
201704,201605,fmcg,ahold_delhaize,isc_gro_dairy,isc_gro_dai_butter_and_margarine,isc_gro_dai_but_margarine_and_vegetable_oil_spreads,i_cant_believe_its_not_butter,high,2,genx,NC,1.09,3.26,20170719,F1701,P12M
201704,201605,fmcg,ahold_delhaize,isc_gro_dairy,isc_gro_dai_butter_and_margarine,isc_gro_dai_but_margarine_and_vegetable_oil_spreads,i_cant_believe_its_not_butter,high,2,genx,PA,1.627,4.376,20170719,F1701,P12M
201704,201605,fmcg,ahold_delhaize,isc_gro_dairy,isc_gro_dai_butter_and_margarine,isc_gro_dai_but_margarine_and_vegetable_oil_spreads,i_cant_believe_its_not_butter,high,2,genx,VA,0.719,2.151,20170719,F1701,P12M
201704,201605,fmcg,ahold_delhaize,isc_gro_dairy,isc_gro_dai_butter_and_margarine,isc_gro_dai_but_margarine_and_vegetable_oil_spreads,i_cant_believe_its_not_butter,high,2,millennials,PA,4.826,12.981,20170719,F1701,P12M
201704,201605,fmcg,ahold_delhaize,isc_gro_dairy,isc_gro_dai_butter_and_margarine,isc_gro_dai_but_margarine_and_vegetable_oil_spreads,i_cant_believe_its_not_butter,high,4,boomers,MD,6.187,15.744,20170719,F1701,P12M
201704,201605,fmcg,ahold_delhaize,isc_gro_dairy,isc_gro_dai_butter_and_margarine,isc_gro_dai_but_margarine_and_vegetable_oil_spreads,i_cant_believe_its_not_butter,high,4,boomers,NY,2.357,7.049,20170719,F1701,P12M
201704,201605,fmcg,ahold_delhaize,isc_gro_dairy,isc_gro_dai_butter_and_margarine,isc_gro_dai_but_margarine_and_vegetable_oil_spreads,i_cant_believe_its_not_butter,high,4,boomers,PA,10.362,27.49,20170719,F1701,P12M
201704,201605,fmcg,ahold_delhaize,isc_gro_dairy,isc_gro_dai_butter_and_margarine,isc_gro_dai_but_margarine_and_vegetable_oil_spreads,i_cant_believe_its_not_butter,high,4,genx,KY,1.067,3.061,20170719,F1701,P12M
201704,201605,fmcg,ahold_delhaize,isc_gro_dairy,isc_gro_dai_butter_and_margarine,isc_gro_dai_but_margarine_and_vegetable_oil_spreads,i_cant_believe_its_not_butter,high,4,genx,MD,4.199,11.443,20170719,F1701,P12M
201704,201605,fmcg,ahold_delhaize,isc_gro_dairy,isc_gro_dai_butter_and_margarine,isc_gro_dai_but_margarine_and_vegetable_oil_spreads,i_cant_believe_its_not_butter,high,4,genx,NY,4.585,15.646,20170719,F1701,P12M
201704,201605,fmcg,ahold_delhaize,isc_gro_dairy,isc_gro_dai_butter_and_margarine,isc_gro_dai_but_margarine_and_vegetable_oil_spreads,i_cant_believe_its_not_butter,high,4,genx,PA,8.343,23.488,20170719,F1701,P12M
201704,201605,fmcg,ahold_delhaize,isc_gro_dairy,isc_gro_dai_butter_and_margarine,isc_gro_dai_but_margarine_and_vegetable_oil_spreads,i_cant_believe_its_not_butter,high,4,millennials,CA,1.023,2.843,20170719,F1701,P12M
201704,201605,fmcg,ahold_delhaize,isc_gro_dairy,isc_gro_dai_butter_and_margarine,isc_gro_dai_but_margarine_and_vegetable_oil_spreads,i_cant_believe_its_not_butter,high,4,millennials,NY,1.069,8.223,20170719,F1701,P12M
201704,201605,fmcg,ahold_delhaize,isc_gro_dairy,isc_gro_dai_butter_and_margarine,isc_gro_dai_but_margarine_and_vegetable_oil_spreads,i_cant_believe_its_not_butter,low,1,genx,PA,0.712,1.845,20170719,F1701,P12M
201704,201605,fmcg,ahold_delhaize,isc_gro_dairy,isc_gro_dai_butter_and_margarine,isc_gro_dai_but_margarine_and_vegetable_oil_spreads,i_cant_believe_its_not_butter,low,1,genx,VA,1.007,3.012,20170719,F1701,P12M
201704,201605,fmcg,ahold_delhaize,isc_gro_dairy,isc_gro_dai_butter_and_margarine,isc_gro_dai_but_margarine_and_vegetable_oil_spreads,i_cant_believe_its_not_butter,low,2,genx,MD,0.887,2.651,20170719,F1701,P12M
201704,201605,fmcg,ahold_delhaize,isc_gro_dairy,isc_gro_dai_butter_and_margarine,isc_gro_dai_but_margarine_and_vegetable_oil_spreads,i_cant_believe_its_not_butter,low,3,genx,NY,1.003,3.6,20170719,F1701,P12M
201704,201605,fmcg,ahold_delhaize,isc_gro_dairy,isc_gro_dai_butter_and_margarine,isc_gro_dai_but_margarine_and_vegetable_oil_spreads,i_cant_believe_its_not_butter,low,4,boomers,NC,11.236,33.597,20170719,F1701,P12M
201704,201605,fmcg,ahold_delhaize,isc_gro_dairy,isc_gro_dai_butter_and_margarine,isc_gro_dai_but_margarine_and_vegetable_oil_spreads,i_cant_believe_its_not_butter,low,4,boomers,NY,4.849,14.5,20170719,F1701,P12M
201704,201605,fmcg,ahold_delhaize,isc_gro_dairy,isc_gro_dai_butter_and_margarine,isc_gro_dai_but_margarine_and_vegetable_oil_spreads,i_cant_believe_its_not_butter,low,4,boomers,PA,1.653,4.116,20170719,F1701,P12M
201704,201605,fmcg,ahold_delhaize,isc_gro_dairy,isc_gro_dai_butter_and_margarine,isc_gro_dai_but_margarine_and_vegetable_oil_spreads,i_cant_believe_its_not_butter,low,4,millennials,MD,1.048,3.133,20170719,F1701,P12M
201704,201605,fmcg,ahold_delhaize,isc_gro_dairy,isc_gro_dai_butter_and_margarine,isc_gro_dai_but_margarine_and_vegetable_oil_spreads,i_cant_believe_its_not_butter,low,4,millennials,NC,1.614,4.825,20170719,F1701,P12M
201704,201605,fmcg,ahold_delhaize,isc_gro_dairy,isc_gro_dai_butter_and_margarine,isc_gro_dai_but_margarine_and_vegetable_oil_spreads,i_cant_believe_its_not_butter,low,4,seniors,PA,3.576,9.621,20170719,F1701,P12M
201704,201605,fmcg,ahold_delhaize,isc_gro_dairy,isc_gro_dai_butter_and_margarine,isc_gro_dai_but_margarine_and_vegetable_oil_spreads,i_cant_believe_its_not_butter,mid,2,boomers,MD,1.613,4.822,20170719,F1701,P12M
201704,201605,fmcg,ahold_delhaize,isc_gro_dairy,isc_gro_dai_butter_and_margarine,isc_gro_dai_but_margarine_and_vegetable_oil_spreads,i_cant_believe_its_not_butter,mid,3,boomers,NY,1.585,3.551,20170719,F1701,P12M
201704,201605,fmcg,ahold_delhaize,isc_gro_dairy,isc_gro_dai_butter_and_margarine,isc_gro_dai_but_margarine_and_vegetable_oil_spreads,i_cant_believe_its_not_butter,mid,3,genx,MA,2.89,8.643,20170719,F1701,P12M
201704,201605,fmcg,ahold_delhaize,isc_gro_dairy,isc_gro_dai_butter_and_margarine,isc_gro_dai_but_margarine_and_vegetable_oil_spreads,i_cant_believe_its_not_butter,mid,3,millennials,CT,0.534,4.055,20170719,F1701,P12M
201704,201605,fmcg,ahold_delhaize,isc_gro_dairy,isc_gro_dai_butter_and_margarine,isc_gro_dai_but_margarine_and_vegetable_oil_spreads,i_cant_believe_its_not_butter,mid,4,boomers,MD,1.276,3.816,20170719,F1701,P12M
201704,201605,fmcg,ahold_delhaize,isc_gro_dairy,isc_gro_dai_butter_and_margarine,isc_gro_dai_but_margarine_and_vegetable_oil_spreads,i_cant_believe_its_not_butter,mid,4,boomers,ME,5.927,32.137,20170719,F1701,P12M
201704,201605,fmcg,ahold_delhaize,isc_gro_dairy,isc_gro_dai_butter_and_margarine,isc_gro_dai_but_margarine_and_vegetable_oil_spreads,i_cant_believe_its_not_butter,mid,4,boomers,MI,1.276,4.825,20170719,F1701,P12M
201704,201605,fmcg,ahold_delhaize,isc_gro_dairy,isc_gro_dai_butter_and_margarine,isc_gro_dai_but_margarine_and_vegetable_oil_spreads,i_cant_believe_its_not_butter,mid,4,boomers,NC,1.534,9.188,20170719,F1701,P12M
201704,201605,fmcg,ahold_delhaize,isc_gro_dairy,isc_gro_dai_butter_and_margarine,isc_gro_dai_but_margarine_and_vegetable_oil_spreads,i_cant_believe_its_not_butter,mid,4,boomers,NY,4.016,14.167,20170719,F1701,P12M
201704,201605,fmcg,ahold_delhaize,isc_gro_dairy,isc_gro_dai_butter_and_margarine,isc_gro_dai_but_margarine_and_vegetable_oil_spreads,i_cant_believe_its_not_butter,mid,4,boomers,PA,28.169,64.611,20170719,F1701,P12M
201704,201605,fmcg,ahold_delhaize,isc_gro_dairy,isc_gro_dai_butter_and_margarine,isc_gro_dai_but_margarine_and_vegetable_oil_spreads,i_cant_believe_its_not_butter,mid,4,genx,MA,0.278,0.832,20170719,F1701,P12M
201704,201605,fmcg,ahold_delhaize,isc_gro_dairy,isc_gro_dai_butter_and_margarine,isc_gro_dai_but_margarine_and_vegetable_oil_spreads,i_cant_believe_its_not_butter,mid,4,genx,MD,1.292,3.863,20170719,F1701,P12M
201704,201605,fmcg,ahold_delhaize,isc_gro_dairy,isc_gro_dai_butter_and_margarine,isc_gro_dai_but_margarine_and_vegetable_oil_spreads,i_cant_believe_its_not_butter,mid,4,genx,ME,0.998,4.383,20170719,F1701,P12M
201704,201605,fmcg,ahold_delhaize,isc_gro_dairy,isc_gro_dai_butter_and_margarine,isc_gro_dai_but_margarine_and_vegetable_oil_spreads,i_cant_believe_its_not_butter,mid,4,genx,PA,0.266,1.752,20170719,F1701,P12M
201704,201605,fmcg,ahold_delhaize,isc_gro_dairy,isc_gro_dai_butter_and_margarine,isc_gro_dai_but_margarine_and_vegetable_oil_spreads,i_cant_believe_its_not_butter,mid,4,genx,VT,0.352,1.543,20170719,F1701,P12M
201704,201605,fmcg,ahold_delhaize,isc_gro_dairy,isc_gro_dai_butter_and_margarine,isc_gro_dai_but_margarine_and_vegetable_oil_spreads,i_cant_believe_its_not_butter,mid,4,genx,WV,0.247,0.739,20170719,F1701,P12M
201704,201605,fmcg,ahold_delhaize,isc_gro_dairy,isc_gro_dai_butter_and_margarine,isc_gro_dai_but_margarine_and_vegetable_oil_spreads,i_cant_believe_its_not_butter,mid,4,millennials,NC,0.436,1.298,20170719,F1701,P12M
201704,201605,fmcg,ahold_delhaize,isc_gro_dairy,isc_gro_dai_butter_and_margarine,isc_gro_dai_but_margarine_and_vegetable_oil_spreads,i_cant_believe_its_not_butter,mid,4,millennials,PA,1.98,4.915,20170719,F1701,P12M
201704,201605,fmcg,ahold_delhaize,isc_gro_dairy,isc_gro_dai_butter_and_margarine,isc_gro_dai_but_margarine_and_vegetable_oil_spreads,i_cant_believe_its_not_butter,mid,4,seniors,CT,13.513,47.61,20170719,F1701,P12M
201704,201605,fmcg,ahold_delhaize,isc_gro_dairy,isc_gro_dai_butter_and_margarine,isc_gro_dai_but_margarine_and_vegetable_oil_spreads,i_cant_believe_its_not_butter,mid,5,boomers,VA,0.241,0.721,20170719,F1701,P12M
201704,201605,fmcg,ahold_delhaize,isc_gro_dairy,isc_gro_dai_butter_and_margarine,isc_gro_dai_but_margarine_and_vegetable_oil_spreads,imperial_spread,high,4,genx,IN,1.012,0.8,20170719,F1701,P12M
201704,201605,fmcg,ahold_delhaize,isc_gro_dairy,isc_gro_dai_butter_and_margarine,isc_gro_dai_but_margarine_and_vegetable_oil_spreads,imperial_spread,high,4,genx,NC,0.306,0.303,20170719,F1701,P12M
201704,201605,fmcg,ahold_delhaize,isc_gro_dairy,isc_gro_dai_butter_and_margarine,isc_gro_dai_but_margarine_and_vegetable_oil_spreads,imperial_spread,low,4,millennials,NY,0.504,0.499,20170719,F1701,P12M
201704,201605,fmcg,ahold_delhaize,isc_gro_dairy,isc_gro_dai_butter_and_margarine,isc_gro_dai_but_margarine_and_vegetable_oil_spreads,imperial_spread,mid,2,genx,MD,1.358,4.062,20170719,F1701,P12M
201704,201605,fmcg,ahold_delhaize,isc_gro_dairy,isc_gro_dai_butter_and_margarine,isc_gro_dai_but_margarine_and_vegetable_oil_spreads,imperial_spread,mid,3,millennials,FL,2.32,6.937,20170719,F1701,P12M
201704,201605,fmcg,ahold_delhaize,isc_gro_dairy,isc_gro_dai_butter_and_margarine,isc_gro_dai_but_margarine_and_vegetable_oil_spreads,imperial_spread,mid,4,genx,VA,0.957,0.948,20170719,F1701,P12M
201704,201605,fmcg,ahold_delhaize,isc_gro_dairy,isc_gro_dai_butter_and_margarine,isc_gro_dai_but_margarine_and_vegetable_oil_spreads,imperial_spread,mid,4,millennials,NC,3.922,3.883,20170719,F1701,P12M
201704,201605,fmcg,ahold_delhaize,isc_gro_dairy,isc_gro_dai_butter_and_margarine,isc_gro_dai_but_margarine_and_vegetable_oil_spreads,indeterminate,high,1,genx,NY,1.943,1.924,20170719,F1701,P12M
201704,201605,fmcg,ahold_delhaize,isc_gro_dairy,isc_gro_dai_butter_and_margarine,isc_gro_dai_but_margarine_and_vegetable_oil_spreads,indeterminate,high,2,boomers,MD,4.144,4.102,20170719,F1701,P12M
201704,201605,fmcg,ahold_delhaize,isc_gro_dairy,isc_gro_dai_butter_and_margarine,isc_gro_dai_but_margarine_and_vegetable_oil_spreads,indeterminate,high,2,genx,NY,1.743,1.725,20170719,F1701,P12M
201704,201605,fmcg,ahold_delhaize,isc_gro_dairy,isc_gro_dai_butter_and_margarine,isc_gro_dai_but_margarine_and_vegetable_oil_spreads,indeterminate,high,4,boomers,MD,5.182,5.13,20170719,F1701,P12M
201704,201605,fmcg,ahold_delhaize,isc_gro_dairy,isc_gro_dai_butter_and_margarine,isc_gro_dai_but_margarine_and_vegetable_oil_spreads,indeterminate,high,4,boomers,NY,2.558,2.532,20170719,F1701,P12M
201704,201605,fmcg,ahold_delhaize,isc_gro_dairy,isc_gro_dai_butter_and_margarine,isc_gro_dai_but_margarine_and_vegetable_oil_spreads,indeterminate,high,4,boomers,VA,4.33,7.75,20170719,F1701,P12M
201704,201605,fmcg,ahold_delhaize,isc_gro_dairy,isc_gro_dai_butter_and_margarine,isc_gro_dai_but_margarine_and_vegetable_oil_spreads,indeterminate,high,4,genx,MA,0.291,0,20170719,F1701,P12M
201704,201605,fmcg,ahold_delhaize,isc_gro_dairy,isc_gro_dai_butter_and_margarine,isc_gro_dai_but_margarine_and_vegetable_oil_spreads,indeterminate,high,4,genx,PA,0.98,0.58,20170719,F1701,P12M
201704,201605,fmcg,ahold_delhaize,isc_gro_dairy,isc_gro_dai_butter_and_margarine,isc_gro_dai_but_margarine_and_vegetable_oil_spreads,indeterminate,high,4,genx,VA,0.988,1.967,20170719,F1701,P12M
201704,201605,fmcg,ahold_delhaize,isc_gro_dairy,isc_gro_dai_butter_and_margarine,isc_gro_dai_but_margarine_and_vegetable_oil_spreads,indeterminate,low,2,boomers,PA,3.469,3.434,20170719,F1701,P12M
201704,201605,fmcg,ahold_delhaize,isc_gro_dairy,isc_gro_dai_butter_and_margarine,isc_gro_dai_but_margarine_and_vegetable_oil_spreads,indeterminate,low,4,genx,PA,0.549,0.543,20170719,F1701,P12M
201704,201605,fmcg,ahold_delhaize,isc_gro_dairy,isc_gro_dai_butter_and_margarine,isc_gro_dai_but_margarine_and_vegetable_oil_spreads,indeterminate,low,4,millennials,MD,0.326,0.323,20170719,F1701,P12M
201704,201605,fmcg,ahold_delhaize,isc_gro_dairy,isc_gro_dai_butter_and_margarine,isc_gro_dai_but_margarine_and_vegetable_oil_spreads,indeterminate,low,4,millennials,NY,0.504,0.499,20170719,F1701,P12M
201704,201605,fmcg,ahold_delhaize,isc_gro_dairy,isc_gro_dai_butter_and_margarine,isc_gro_dai_but_margarine_and_vegetable_oil_spreads,indeterminate,low,4,millennials,PA,0.928,1.503,20170719,F1701,P12M
201704,201605,fmcg,ahold_delhaize,isc_gro_dairy,isc_gro_dai_butter_and_margarine,isc_gro_dai_but_margarine_and_vegetable_oil_spreads,indeterminate,mid,2,genx,KY,1.353,1.34,20170719,F1701,P12M
201704,201605,fmcg,ahold_delhaize,isc_gro_dairy,isc_gro_dai_butter_and_margarine,isc_gro_dai_but_margarine_and_vegetable_oil_spreads,indeterminate,mid,2,genx,PA,1.078,2.684,20170719,F1701,P12M
201704,201605,fmcg,ahold_delhaize,isc_gro_dairy,isc_gro_dai_butter_and_margarine,isc_gro_dai_but_margarine_and_vegetable_oil_spreads,indeterminate,mid,2,millennials,MD,0.975,0.965,20170719,F1701,P12M
201704,201605,fmcg,ahold_delhaize,isc_gro_dairy,isc_gro_dai_butter_and_margarine,isc_gro_dai_but_margarine_and_vegetable_oil_spreads,indeterminate,mid,2,millennials,NY,1.073,2.136,20170719,F1701,P12M
201704,201605,fmcg,ahold_delhaize,isc_gro_dairy,isc_gro_dai_butter_and_margarine,isc_gro_dai_but_margarine_and_vegetable_oil_spreads,indeterminate,mid,4,boomers,NY,7.165,9.248,20170719,F1701,P12M
201704,201605,fmcg,ahold_delhaize,isc_gro_dairy,isc_gro_dai_butter_and_margarine,isc_gro_dai_but_margarine_and_vegetable_oil_spreads,indeterminate,mid,4,boomers,PA,10.019,9.919,20170719,F1701,P12M
201704,201605,fmcg,ahold_delhaize,isc_gro_dairy,isc_gro_dai_butter_and_margarine,isc_gro_dai_but_margarine_and_vegetable_oil_spreads,indeterminate,mid,4,genx,PA,0.433,0.429,20170719,F1701,P12M
201704,201605,fmcg,ahold_delhaize,isc_gro_dairy,isc_gro_dai_butter_and_margarine,isc_gro_dai_but_margarine_and_vegetable_oil_spreads,indeterminate,mid,4,millennials,MA,0.854,0.846,20170719,F1701,P12M
201704,201605,fmcg,ahold_delhaize,isc_gro_dairy,isc_gro_dai_butter_and_margarine,isc_gro_dai_but_margarine_and_vegetable_oil_spreads,indeterminate,mid,4,millennials,PA,0.258,0.669,20170719,F1701,P12M
201704,201605,fmcg,ahold_delhaize,isc_gro_dairy,isc_gro_dai_butter_and_margarine,isc_gro_dai_but_margarine_and_vegetable_oil_spreads,land_o_lakes,high,4,genx,ME,0.481,2.394,20170719,F1701,P12M
201704,201605,fmcg,ahold_delhaize,isc_gro_dairy,isc_gro_dai_butter_and_margarine,isc_gro_dai_but_margarine_and_vegetable_oil_spreads,land_o_lakes,high,4,millennials,VA,0.381,0.757,20170719,F1701,P12M
201704,201605,fmcg,ahold_delhaize,isc_gro_dairy,isc_gro_dai_butter_and_margarine,isc_gro_dai_but_margarine_and_vegetable_oil_spreads,land_o_lakes,mid,1,millennials,FL,1.561,3.887,20170719,F1701,P12M
201704,201605,fmcg,ahold_delhaize,isc_gro_dairy,isc_gro_dai_butter_and_margarine,isc_gro_dai_but_margarine_and_vegetable_oil_spreads,land_o_lakes,mid,4,boomers,CO,2.67,5.847,20170719,F1701,P12M
201704,201605,fmcg,ahold_delhaize,isc_gro_dairy,isc_gro_dai_butter_and_margarine,isc_gro_dai_but_margarine_and_vegetable_oil_spreads,land_o_lakes,mid,4,genx,MA,0.576,1.031,20170719,F1701,P12M
201704,201605,fmcg,ahold_delhaize,isc_gro_dairy,isc_gro_dai_butter_and_margarine,isc_gro_dai_but_margarine_and_vegetable_oil_spreads,move_over_butter,high,5,genx,NC,0.362,0.499,20170719,F1701,P12M
201704,201605,fmcg,ahold_delhaize,isc_gro_dairy,isc_gro_dai_butter_and_margarine,isc_gro_dai_but_margarine_and_vegetable_oil_spreads,na,high,4,boomers,PA,1.499,4.333,20170719,F1701,P12M
201704,201605,fmcg,ahold_delhaize,isc_gro_dairy,isc_gro_dai_butter_and_margarine,isc_gro_dai_but_margarine_and_vegetable_oil_spreads,na,low,2,genx,FL,1.141,3.182,20170719,F1701,P12M
201704,201605,fmcg,ahold_delhaize,isc_gro_dairy,isc_gro_dai_butter_and_margarine,isc_gro_dai_but_margarine_and_vegetable_oil_spreads,na,mid,4,genx,IN,0.408,0.314,20170719,F1701,P12M
201704,201605,fmcg,ahold_delhaize,isc_gro_dairy,isc_gro_dai_butter_and_margarine,isc_gro_dai_but_margarine_and_vegetable_oil_spreads,olivio,high,1,boomers,NY,7.647,21.335,20170719,F1701,P12M
201704,201605,fmcg,ahold_delhaize,isc_gro_dairy,isc_gro_dai_butter_and_margarine,isc_gro_dai_but_margarine_and_vegetable_oil_spreads,olivio,high,1,genx,NY,0.535,1.39,20170719,F1701,P12M
201704,201605,fmcg,ahold_delhaize,isc_gro_dairy,isc_gro_dai_butter_and_margarine,isc_gro_dai_but_margarine_and_vegetable_oil_spreads,olivio,high,4,genx,NY,0.755,1.964,20170719,F1701,P12M
201704,201605,fmcg,ahold_delhaize,isc_gro_dairy,isc_gro_dai_butter_and_margarine,isc_gro_dai_but_margarine_and_vegetable_oil_spreads,olivio,high,4,genx,PA,0.572,1.138,20170719,F1701,P12M
201704,201605,fmcg,ahold_delhaize,isc_gro_dairy,isc_gro_dai_butter_and_margarine,isc_gro_dai_but_margarine_and_vegetable_oil_spreads,olivio,high,4,genx,VA,0.548,1.556,20170719,F1701,P12M
201704,201605,fmcg,ahold_delhaize,isc_gro_dairy,isc_gro_dai_butter_and_margarine,isc_gro_dai_but_margarine_and_vegetable_oil_spreads,olivio,high,5,boomers,NY,4.198,11.714,20170719,F1701,P12M
201704,201605,fmcg,ahold_delhaize,isc_gro_dairy,isc_gro_dai_butter_and_margarine,isc_gro_dai_but_margarine_and_vegetable_oil_spreads,olivio,low,3,genx,NY,1.003,3.399,20170719,F1701,P12M
201704,201605,fmcg,ahold_delhaize,isc_gro_dairy,isc_gro_dai_butter_and_margarine,isc_gro_dai_but_margarine_and_vegetable_oil_spreads,olivio,low,3,millennials,PA,0.318,0.887,20170719,F1701,P12M
201704,201605,fmcg,ahold_delhaize,isc_gro_dairy,isc_gro_dai_butter_and_margarine,isc_gro_dai_but_margarine_and_vegetable_oil_spreads,olivio,low,4,boomers,VA,14.492,24.492,20170719,F1701,P12M
201704,201605,fmcg,ahold_delhaize,isc_gro_dairy,isc_gro_dai_butter_and_margarine,isc_gro_dai_but_margarine_and_vegetable_oil_spreads,olivio,low,4,genx,LA,5.171,13.393,20170719,F1701,P12M
201704,201605,fmcg,ahold_delhaize,isc_gro_dairy,isc_gro_dai_butter_and_margarine,isc_gro_dai_but_margarine_and_vegetable_oil_spreads,olivio,low,4,millennials,NH,0.889,5.328,20170719,F1701,P12M
201704,201605,fmcg,ahold_delhaize,isc_gro_dairy,isc_gro_dai_butter_and_margarine,isc_gro_dai_but_margarine_and_vegetable_oil_spreads,olivio,low,4,millennials,NY,0.281,0.644,20170719,F1701,P12M
201704,201605,fmcg,ahold_delhaize,isc_gro_dairy,isc_gro_dai_butter_and_margarine,isc_gro_dai_but_margarine_and_vegetable_oil_spreads,olivio,mid,4,boomers,RI,0.605,1.695,20170719,F1701,P12M
201704,201605,fmcg,ahold_delhaize,isc_gro_dairy,isc_gro_dai_butter_and_margarine,isc_gro_dai_but_margarine_and_vegetable_oil_spreads,olivio,mid,4,genx,NY,0.715,1.859,20170719,F1701,P12M
201704,201605,fmcg,ahold_delhaize,isc_gro_dairy,isc_gro_dai_butter_and_margarine,isc_gro_dai_but_margarine_and_vegetable_oil_spreads,olivio,mid,4,genx,PA,1.712,2.893,20170719,F1701,P12M
201704,201605,fmcg,ahold_delhaize,isc_gro_dairy,isc_gro_dai_butter_and_margarine,isc_gro_dai_but_margarine_and_vegetable_oil_spreads,olivio,mid,4,genx,VT,0.266,1.593,20170719,F1701,P12M
201704,201605,fmcg,ahold_delhaize,isc_gro_dairy,isc_gro_dai_butter_and_margarine,isc_gro_dai_but_margarine_and_vegetable_oil_spreads,olivio,mid,4,millennials,NY,0.434,1.471,20170719,F1701,P12M
201704,201605,fmcg,ahold_delhaize,isc_gro_dairy,isc_gro_dai_butter_and_margarine,isc_gro_dai_but_margarine_and_vegetable_oil_spreads,parkay,high,2,genx,VA,1.312,2.61,20170719,F1701,P12M
201704,201605,fmcg,ahold_delhaize,isc_gro_dairy,isc_gro_dai_butter_and_margarine,isc_gro_dai_but_margarine_and_vegetable_oil_spreads,parkay,high,4,boomers,MD,1.913,2.87,20170719,F1701,P12M
201704,201605,fmcg,ahold_delhaize,isc_gro_dairy,isc_gro_dai_butter_and_margarine,isc_gro_dai_but_margarine_and_vegetable_oil_spreads,parkay,high,4,boomers,NC,2.725,13.29,20170719,F1701,P12M
201704,201605,fmcg,ahold_delhaize,isc_gro_dairy,isc_gro_dai_butter_and_margarine,isc_gro_dai_but_margarine_and_vegetable_oil_spreads,parkay,high,4,boomers,SC,12.594,27.579,20170719,F1701,P12M
201704,201605,fmcg,ahold_delhaize,isc_gro_dairy,isc_gro_dai_butter_and_margarine,isc_gro_dai_but_margarine_and_vegetable_oil_spreads,parkay,high,4,boomers,VA,6.903,13.738,20170719,F1701,P12M
201704,201605,fmcg,ahold_delhaize,isc_gro_dairy,isc_gro_dai_butter_and_margarine,isc_gro_dai_but_margarine_and_vegetable_oil_spreads,parkay,high,4,genx,NC,0.688,2.745,20170719,F1701,P12M
201704,201605,fmcg,ahold_delhaize,isc_gro_dairy,isc_gro_dai_butter_and_margarine,isc_gro_dai_but_margarine_and_vegetable_oil_spreads,parkay,high,4,genx,VA,0.779,1.55,20170719,F1701,P12M
201704,201605,fmcg,ahold_delhaize,isc_gro_dairy,isc_gro_dai_butter_and_margarine,isc_gro_dai_but_margarine_and_vegetable_oil_spreads,parkay,high,5,millennials,NC,0.265,0.528,20170719,F1701,P12M
201704,201605,fmcg,ahold_delhaize,isc_gro_dairy,isc_gro_dai_butter_and_margarine,isc_gro_dai_but_margarine_and_vegetable_oil_spreads,parkay,low,4,boomers,MD,1.818,3.618,20170719,F1701,P12M
201704,201605,fmcg,ahold_delhaize,isc_gro_dairy,isc_gro_dai_butter_and_margarine,isc_gro_dai_but_margarine_and_vegetable_oil_spreads,parkay,low,4,genx,PA,0.449,0.894,20170719,F1701,P12M
201704,201605,fmcg,ahold_delhaize,isc_gro_dairy,isc_gro_dai_butter_and_margarine,isc_gro_dai_but_margarine_and_vegetable_oil_spreads,parkay,low,4,genx,VA,0.723,1.44,20170719,F1701,P12M
201704,201605,fmcg,ahold_delhaize,isc_gro_dairy,isc_gro_dai_butter_and_margarine,isc_gro_dai_but_margarine_and_vegetable_oil_spreads,parkay,low,4,millennials,VA,0.405,0.806,20170719,F1701,P12M
201704,201605,fmcg,ahold_delhaize,isc_gro_dairy,isc_gro_dai_butter_and_margarine,isc_gro_dai_but_margarine_and_vegetable_oil_spreads,parkay,mid,2,boomers,NC,1.757,3.497,20170719,F1701,P12M
201704,201605,fmcg,ahold_delhaize,isc_gro_dairy,isc_gro_dai_butter_and_margarine,isc_gro_dai_but_margarine_and_vegetable_oil_spreads,parkay,mid,4,boomers,MD,3.36,6.687,20170719,F1701,P12M
201704,201605,fmcg,ahold_delhaize,isc_gro_dairy,isc_gro_dai_butter_and_margarine,isc_gro_dai_but_margarine_and_vegetable_oil_spreads,parkay,mid,4,boomers,VA,2.773,4.7,20170719,F1701,P12M
201704,201605,fmcg,ahold_delhaize,isc_gro_dairy,isc_gro_dai_butter_and_margarine,isc_gro_dai_but_margarine_and_vegetable_oil_spreads,parkay,mid,4,genx,DE,1.651,2.477,20170719,F1701,P12M
201704,201605,fmcg,ahold_delhaize,isc_gro_dairy,isc_gro_dai_butter_and_margarine,isc_gro_dai_but_margarine_and_vegetable_oil_spreads,parkay,mid,4,genx,MD,0.258,0.514,20170719,F1701,P12M
201704,201605,fmcg,ahold_delhaize,isc_gro_dairy,isc_gro_dai_butter_and_margarine,isc_gro_dai_but_margarine_and_vegetable_oil_spreads,private_label,low,4,boomers,DE,6.088,10.898,20170719,F1701,P12M
201704,201605,fmcg,ahold_delhaize,isc_gro_dairy,isc_gro_dai_butter_and_margarine,isc_gro_dai_but_margarine_and_vegetable_oil_spreads,private_label,mid,2,genx,MD,0.837,1.414,20170719,F1701,P12M
201704,201605,fmcg,ahold_delhaize,isc_gro_dairy,isc_gro_dai_butter_and_margarine,isc_gro_dai_but_margarine_and_vegetable_oil_spreads,private_label,mid,3,boomers,SC,1.957,3.699,20170719,F1701,P12M
201704,201605,fmcg,ahold_delhaize,isc_gro_dairy,isc_gro_dai_butter_and_margarine,isc_gro_dai_but_margarine_and_vegetable_oil_spreads,private_label,mid,4,boomers,VA,3.414,5.735,20170719,F1701,P12M
201704,201605,fmcg,ahold_delhaize,isc_gro_dairy,isc_gro_dai_butter_and_margarine,isc_gro_dai_but_margarine_and_vegetable_oil_spreads,promise_spread,high,4,genx,PA,1.41,3.933,20170719,F1701,P12M
201704,201605,fmcg,ahold_delhaize,isc_gro_dairy,isc_gro_dai_butter_and_margarine,isc_gro_dai_but_margarine_and_vegetable_oil_spreads,promise_spread,low,4,boomers,PA,1.14,3.293,20170719,F1701,P12M
201704,201605,fmcg,ahold_delhaize,isc_gro_dairy,isc_gro_dai_butter_and_margarine,isc_gro_dai_but_margarine_and_vegetable_oil_spreads,promise_spread,mid,4,boomers,NY,1.72,6.517,20170719,F1701,P12M
201704,201605,fmcg,ahold_delhaize,isc_gro_dairy,isc_gro_dai_butter_and_margarine,isc_gro_dai_but_margarine_and_vegetable_oil_spreads,shedds_country_crock,high,1,genx,NJ,1.139,3.406,20170719,F1701,P12M
201704,201605,fmcg,ahold_delhaize,isc_gro_dairy,isc_gro_dai_butter_and_margarine,isc_gro_dai_but_margarine_and_vegetable_oil_spreads,shedds_country_crock,high,1,genx,VA,0.525,2.095,20170719,F1701,P12M
201704,201605,fmcg,ahold_delhaize,isc_gro_dairy,isc_gro_dai_butter_and_margarine,isc_gro_dai_but_margarine_and_vegetable_oil_spreads,shedds_country_crock,high,2,millennials,SC,0.701,1.605,20170719,F1701,P12M
201704,201605,fmcg,ahold_delhaize,isc_gro_dairy,isc_gro_dai_butter_and_margarine,isc_gro_dai_but_margarine_and_vegetable_oil_spreads,shedds_country_crock,high,3,genx,NY,2.975,13.357,20170719,F1701,P12M
201704,201605,fmcg,ahold_delhaize,isc_gro_dairy,isc_gro_dai_butter_and_margarine,isc_gro_dai_but_margarine_and_vegetable_oil_spreads,shedds_country_crock,high,3,millennials,VA,0.72,1.289,20170719,F1701,P12M
201704,201605,fmcg,ahold_delhaize,isc_gro_dairy,isc_gro_dai_butter_and_margarine,isc_gro_dai_but_margarine_and_vegetable_oil_spreads,shedds_country_crock,high,4,boomers,DE,5.167,12.35,20170719,F1701,P12M
201704,201605,fmcg,ahold_delhaize,isc_gro_dairy,isc_gro_dai_butter_and_margarine,isc_gro_dai_but_margarine_and_vegetable_oil_spreads,shedds_country_crock,high,4,boomers,MA,1.973,9.945,20170719,F1701,P12M
201704,201605,fmcg,ahold_delhaize,isc_gro_dairy,isc_gro_dai_butter_and_margarine,isc_gro_dai_but_margarine_and_vegetable_oil_spreads,shedds_country_crock,high,4,boomers,MD,3.2,9.404,20170719,F1701,P12M
201704,201605,fmcg,ahold_delhaize,isc_gro_dairy,isc_gro_dai_butter_and_margarine,isc_gro_dai_but_margarine_and_vegetable_oil_spreads,shedds_country_crock,high,4,boomers,NC,2.974,9.597,20170719,F1701,P12M
201704,201605,fmcg,ahold_delhaize,isc_gro_dairy,isc_gro_dai_butter_and_margarine,isc_gro_dai_but_margarine_and_vegetable_oil_spreads,shedds_country_crock,high,4,boomers,VA,2.999,10.9,20170719,F1701,P12M
201704,201605,fmcg,ahold_delhaize,isc_gro_dairy,isc_gro_dai_butter_and_margarine,isc_gro_dai_but_margarine_and_vegetable_oil_spreads,shedds_country_crock,high,4,genx,DE,0.755,1.73,20170719,F1701,P12M
201704,201605,fmcg,ahold_delhaize,isc_gro_dairy,isc_gro_dai_butter_and_margarine,isc_gro_dai_but_margarine_and_vegetable_oil_spreads,shedds_country_crock,high,4,genx,IN,1.012,3.534,20170719,F1701,P12M
201704,201605,fmcg,ahold_delhaize,isc_gro_dairy,isc_gro_dai_butter_and_margarine,isc_gro_dai_but_margarine_and_vegetable_oil_spreads,shedds_country_crock,high,4,genx,MD,2.772,7.264,20170719,F1701,P12M
201704,201605,fmcg,ahold_delhaize,isc_gro_dairy,isc_gro_dai_butter_and_margarine,isc_gro_dai_but_margarine_and_vegetable_oil_spreads,shedds_country_crock,high,4,genx,NC,1.716,5.684,20170719,F1701,P12M
201704,201605,fmcg,ahold_delhaize,isc_gro_dairy,isc_gro_dai_butter_and_margarine,isc_gro_dai_but_margarine_and_vegetable_oil_spreads,shedds_country_crock,high,4,genx,NY,2.739,7.557,20170719,F1701,P12M
201704,201605,fmcg,ahold_delhaize,isc_gro_dairy,isc_gro_dai_butter_and_margarine,isc_gro_dai_but_margarine_and_vegetable_oil_spreads,shedds_country_crock,high,4,genx,PA,1.287,2.946,20170719,F1701,P12M
201704,201605,fmcg,ahold_delhaize,isc_gro_dairy,isc_gro_dai_butter_and_margarine,isc_gro_dai_but_margarine_and_vegetable_oil_spreads,shedds_country_crock,high,4,genx,VA,3.664,13.851,20170719,F1701,P12M
201704,201605,fmcg,ahold_delhaize,isc_gro_dairy,isc_gro_dai_butter_and_margarine,isc_gro_dai_but_margarine_and_vegetable_oil_spreads,shedds_country_crock,high,4,millennials,NY,0.357,1.676,20170719,F1701,P12M
201704,201605,fmcg,ahold_delhaize,isc_gro_dairy,isc_gro_dai_butter_and_margarine,isc_gro_dai_but_margarine_and_vegetable_oil_spreads,shedds_country_crock,high,4,millennials,PA,2.405,5.852,20170719,F1701,P12M
201704,201605,fmcg,ahold_delhaize,isc_gro_dairy,isc_gro_dai_butter_and_margarine,isc_gro_dai_but_margarine_and_vegetable_oil_spreads,shedds_country_crock,high,5,genx,VA,0.359,1.433,20170719,F1701,P12M
201704,201605,fmcg,ahold_delhaize,isc_gro_dairy,isc_gro_dai_butter_and_margarine,isc_gro_dai_but_margarine_and_vegetable_oil_spreads,shedds_country_crock,low,1,millennials,VA,0.288,0.688,20170719,F1701,P12M
201704,201605,fmcg,ahold_delhaize,isc_gro_dairy,isc_gro_dai_butter_and_margarine,isc_gro_dai_but_margarine_and_vegetable_oil_spreads,shedds_country_crock,low,2,boomers,NY,5.377,25.219,20170719,F1701,P12M
201704,201605,fmcg,ahold_delhaize,isc_gro_dairy,isc_gro_dai_butter_and_margarine,isc_gro_dai_but_margarine_and_vegetable_oil_spreads,shedds_country_crock,low,2,genx,MD,0.649,2.103,20170719,F1701,P12M
201704,201605,fmcg,ahold_delhaize,isc_gro_dairy,isc_gro_dai_butter_and_margarine,isc_gro_dai_but_margarine_and_vegetable_oil_spreads,shedds_country_crock,low,2,genx,VA,2.596,4.906,20170719,F1701,P12M
201704,201605,fmcg,ahold_delhaize,isc_gro_dairy,isc_gro_dai_butter_and_margarine,isc_gro_dai_but_margarine_and_vegetable_oil_spreads,shedds_country_crock,low,2,millennials,FL,2.679,7.1,20170719,F1701,P12M
201704,201605,fmcg,ahold_delhaize,isc_gro_dairy,isc_gro_dai_butter_and_margarine,isc_gro_dai_but_margarine_and_vegetable_oil_spreads,shedds_country_crock,low,2,millennials,NC,0.503,2.152,20170719,F1701,P12M
201704,201605,fmcg,ahold_delhaize,isc_gro_dairy,isc_gro_dai_butter_and_margarine,isc_gro_dai_but_margarine_and_vegetable_oil_spreads,shedds_country_crock,low,2,millennials,SC,0.998,4.274,20170719,F1701,P12M
201704,201605,fmcg,ahold_delhaize,isc_gro_dairy,isc_gro_dai_butter_and_margarine,isc_gro_dai_but_margarine_and_vegetable_oil_spreads,shedds_country_crock,low,3,millennials,MA,1.117,4.177,20170719,F1701,P12M
201704,201605,fmcg,ahold_delhaize,isc_gro_dairy,isc_gro_dai_butter_and_margarine,isc_gro_dai_but_margarine_and_vegetable_oil_spreads,shedds_country_crock,low,4,boomers,NC,9.818,38.503,20170719,F1701,P12M
201704,201605,fmcg,ahold_delhaize,isc_gro_dairy,isc_gro_dai_butter_and_margarine,isc_gro_dai_but_margarine_and_vegetable_oil_spreads,shedds_country_crock,low,4,boomers,NY,0.501,2.348,20170719,F1701,P12M
201704,201605,fmcg,ahold_delhaize,isc_gro_dairy,isc_gro_dai_butter_and_margarine,isc_gro_dai_but_margarine_and_vegetable_oil_spreads,shedds_country_crock,low,4,boomers,VA,6.06,17.089,20170719,F1701,P12M
201704,201605,fmcg,ahold_delhaize,isc_gro_dairy,isc_gro_dai_butter_and_margarine,isc_gro_dai_but_margarine_and_vegetable_oil_spreads,shedds_country_crock,low,4,boomers,WV,2.435,10.423,20170719,F1701,P12M
201704,201605,fmcg,ahold_delhaize,isc_gro_dairy,isc_gro_dai_butter_and_margarine,isc_gro_dai_but_margarine_and_vegetable_oil_spreads,shedds_country_crock,low,4,genx,NC,0.519,2.222,20170719,F1701,P12M
201704,201605,fmcg,ahold_delhaize,isc_gro_dairy,isc_gro_dai_butter_and_margarine,isc_gro_dai_but_margarine_and_vegetable_oil_spreads,shedds_country_crock,low,4,genx,NY,0.509,1.522,20170719,F1701,P12M
201704,201605,fmcg,ahold_delhaize,isc_gro_dairy,isc_gro_dai_butter_and_margarine,isc_gro_dai_but_margarine_and_vegetable_oil_spreads,shedds_country_crock,low,4,genx,PA,0.281,0.643,20170719,F1701,P12M
201704,201605,fmcg,ahold_delhaize,isc_gro_dairy,isc_gro_dai_butter_and_margarine,isc_gro_dai_but_margarine_and_vegetable_oil_spreads,shedds_country_crock,low,4,genx,VA,4.944,15.586,20170719,F1701,P12M
201704,201605,fmcg,ahold_delhaize,isc_gro_dairy,isc_gro_dai_butter_and_margarine,isc_gro_dai_but_margarine_and_vegetable_oil_spreads,shedds_country_crock,low,4,millennials,FL,0.785,3.33,20170719,F1701,P12M
201704,201605,fmcg,ahold_delhaize,isc_gro_dairy,isc_gro_dai_butter_and_margarine,isc_gro_dai_but_margarine_and_vegetable_oil_spreads,shedds_country_crock,low,4,millennials,NC,3.437,6.496,20170719,F1701,P12M
201704,201605,fmcg,ahold_delhaize,isc_gro_dairy,isc_gro_dai_butter_and_margarine,isc_gro_dai_but_margarine_and_vegetable_oil_spreads,shedds_country_crock,low,4,millennials,NY,0.504,1.003,20170719,F1701,P12M
201704,201605,fmcg,ahold_delhaize,isc_gro_dairy,isc_gro_dai_butter_and_margarine,isc_gro_dai_but_margarine_and_vegetable_oil_spreads,shedds_country_crock,low,4,millennials,PA,0.364,1.56,20170719,F1701,P12M
201704,201605,fmcg,ahold_delhaize,isc_gro_dairy,isc_gro_dai_butter_and_margarine,isc_gro_dai_but_margarine_and_vegetable_oil_spreads,shedds_country_crock,low,4,millennials,VA,0.727,1.592,20170719,F1701,P12M
201704,201605,fmcg,ahold_delhaize,isc_gro_dairy,isc_gro_dai_butter_and_margarine,isc_gro_dai_but_margarine_and_vegetable_oil_spreads,shedds_country_crock,low,4,seniors,PA,3.576,11.945,20170719,F1701,P12M
201704,201605,fmcg,ahold_delhaize,isc_gro_dairy,isc_gro_dai_butter_and_margarine,isc_gro_dai_but_margarine_and_vegetable_oil_spreads,shedds_country_crock,mid,2,boomers,FL,5.071,28.752,20170719,F1701,P12M
201704,201605,fmcg,ahold_delhaize,isc_gro_dairy,isc_gro_dai_butter_and_margarine,isc_gro_dai_but_margarine_and_vegetable_oil_spreads,shedds_country_crock,mid,2,boomers,NC,1.757,2.267,20170719,F1701,P12M
201704,201605,fmcg,ahold_delhaize,isc_gro_dairy,isc_gro_dai_butter_and_margarine,isc_gro_dai_but_margarine_and_vegetable_oil_spreads,shedds_country_crock,mid,2,genx,MD,3.446,19.51,20170719,F1701,P12M
201704,201605,fmcg,ahold_delhaize,isc_gro_dairy,isc_gro_dai_butter_and_margarine,isc_gro_dai_but_margarine_and_vegetable_oil_spreads,shedds_country_crock,mid,2,genx,NC,1.852,7.926,20170719,F1701,P12M
201704,201605,fmcg,ahold_delhaize,isc_gro_dairy,isc_gro_dai_butter_and_margarine,isc_gro_dai_but_margarine_and_vegetable_oil_spreads,shedds_country_crock,mid,2,genx,VA,2.389,9.76,20170719,F1701,P12M
201704,201605,fmcg,ahold_delhaize,isc_gro_dairy,isc_gro_dai_butter_and_margarine,isc_gro_dai_but_margarine_and_vegetable_oil_spreads,shedds_country_crock,mid,3,genx,NY,1.43,4.274,20170719,F1701,P12M
201704,201605,fmcg,ahold_delhaize,isc_gro_dairy,isc_gro_dai_butter_and_margarine,isc_gro_dai_but_margarine_and_vegetable_oil_spreads,shedds_country_crock,mid,3,genx,VA,1.104,5.61,20170719,F1701,P12M
201704,201605,fmcg,ahold_delhaize,isc_gro_dairy,isc_gro_dai_butter_and_margarine,isc_gro_dai_but_margarine_and_vegetable_oil_spreads,shedds_country_crock,mid,3,millennials,PA,0.432,0.99,20170719,F1701,P12M
201704,201605,fmcg,ahold_delhaize,isc_gro_dairy,isc_gro_dai_butter_and_margarine,isc_gro_dai_but_margarine_and_vegetable_oil_spreads,shedds_country_crock,mid,4,boomers,NC,3.996,11.884,20170719,F1701,P12M
201704,201605,fmcg,ahold_delhaize,isc_gro_dairy,isc_gro_dai_butter_and_margarine,isc_gro_dai_but_margarine_and_vegetable_oil_spreads,shedds_country_crock,mid,4,boomers,NY,1.387,4.146,20170719,F1701,P12M
201704,201605,fmcg,ahold_delhaize,isc_gro_dairy,isc_gro_dai_butter_and_margarine,isc_gro_dai_but_margarine_and_vegetable_oil_spreads,shedds_country_crock,mid,4,boomers,PA,12.277,26.886,20170719,F1701,P12M
201704,201605,fmcg,ahold_delhaize,isc_gro_dairy,isc_gro_dai_butter_and_margarine,isc_gro_dai_but_margarine_and_vegetable_oil_spreads,shedds_country_crock,mid,4,boomers,VA,3.382,7.745,20170719,F1701,P12M
201704,201605,fmcg,ahold_delhaize,isc_gro_dairy,isc_gro_dai_butter_and_margarine,isc_gro_dai_but_margarine_and_vegetable_oil_spreads,shedds_country_crock,mid,4,genx,CT,0.376,1.596,20170719,F1701,P12M
201704,201605,fmcg,ahold_delhaize,isc_gro_dairy,isc_gro_dai_butter_and_margarine,isc_gro_dai_but_margarine_and_vegetable_oil_spreads,shedds_country_crock,mid,4,genx,GA,0.324,1.389,20170719,F1701,P12M
201704,201605,fmcg,ahold_delhaize,isc_gro_dairy,isc_gro_dai_butter_and_margarine,isc_gro_dai_but_margarine_and_vegetable_oil_spreads,shedds_country_crock,mid,4,genx,MD,3.003,2.44,20170719,F1701,P12M
201704,201605,fmcg,ahold_delhaize,isc_gro_dairy,isc_gro_dai_butter_and_margarine,isc_gro_dai_but_margarine_and_vegetable_oil_spreads,shedds_country_crock,mid,4,genx,NC,5.081,12.681,20170719,F1701,P12M
201704,201605,fmcg,ahold_delhaize,isc_gro_dairy,isc_gro_dai_butter_and_margarine,isc_gro_dai_but_margarine_and_vegetable_oil_spreads,shedds_country_crock,mid,4,genx,NJ,2.588,8.584,20170719,F1701,P12M
201704,201605,fmcg,ahold_delhaize,isc_gro_dairy,isc_gro_dai_butter_and_margarine,isc_gro_dai_but_margarine_and_vegetable_oil_spreads,shedds_country_crock,mid,4,genx,NV,0.247,0.739,20170719,F1701,P12M
201704,201605,fmcg,ahold_delhaize,isc_gro_dairy,isc_gro_dai_butter_and_margarine,isc_gro_dai_but_margarine_and_vegetable_oil_spreads,shedds_country_crock,mid,4,genx,NY,1.169,5.484,20170719,F1701,P12M
201704,201605,fmcg,ahold_delhaize,isc_gro_dairy,isc_gro_dai_butter_and_margarine,isc_gro_dai_but_margarine_and_vegetable_oil_spreads,shedds_country_crock,mid,4,genx,PA,1.104,3.864,20170719,F1701,P12M
201704,201605,fmcg,ahold_delhaize,isc_gro_dairy,isc_gro_dai_butter_and_margarine,isc_gro_dai_but_margarine_and_vegetable_oil_spreads,shedds_country_crock,mid,4,genx,VA,1.791,5.539,20170719,F1701,P12M
201704,201605,fmcg,ahold_delhaize,isc_gro_dairy,isc_gro_dai_butter_and_margarine,isc_gro_dai_but_margarine_and_vegetable_oil_spreads,shedds_country_crock,mid,4,millennials,MD,0.679,2.907,20170719,F1701,P12M
201704,201605,fmcg,ahold_delhaize,isc_gro_dairy,isc_gro_dai_butter_and_margarine,isc_gro_dai_but_margarine_and_vegetable_oil_spreads,shedds_country_crock,mid,4,millennials,NC,2.557,18.647,20170719,F1701,P12M
201704,201605,fmcg,ahold_delhaize,isc_gro_dairy,isc_gro_dai_butter_and_margarine,isc_gro_dai_but_margarine_and_vegetable_oil_spreads,shedds_country_crock,mid,4,millennials,PA,0.516,1.851,20170719,F1701,P12M
201704,201605,fmcg,ahold_delhaize,isc_gro_dairy,isc_gro_dai_butter_and_margarine,isc_gro_dai_but_margarine_and_vegetable_oil_spreads,shedds_country_crock,mid,4,millennials,RI,0.326,0.812,20170719,F1701,P12M
201704,201605,fmcg,ahold_delhaize,isc_gro_dairy,isc_gro_dai_butter_and_margarine,isc_gro_dai_but_margarine_and_vegetable_oil_spreads,shedds_country_crock,mid,4,millennials,VA,1.108,4.74,20170719,F1701,P12M
201704,201605,fmcg,ahold_delhaize,isc_gro_dairy,isc_gro_dai_butter_and_margarine,isc_gro_dai_but_margarine_and_vegetable_oil_spreads,shedds_country_crock,mid,4,millennials,WV,0.28,1.197,20170719,F1701,P12M
201704,201605,fmcg,ahold_delhaize,isc_gro_dairy,isc_gro_dai_butter_and_margarine,isc_gro_dai_but_margarine_and_vegetable_oil_spreads,shedds_country_crock,mid,5,boomers,PA,0.698,1.389,20170719,F1701,P12M
201704,201605,fmcg,ahold_delhaize,isc_gro_dairy,isc_gro_dai_butter_and_margarine,isc_gro_dai_but_margarine_and_vegetable_oil_spreads,shedds_country_crock,mid,5,genx,NY,0.228,0.682,20170719,F1701,P12M
201704,201605,fmcg,ahold_delhaize,isc_gro_dairy,isc_gro_dai_butter_and_margarine,isc_gro_dai_but_margarine_and_vegetable_oil_spreads,smart_balance,high,1,genx,NY,1.943,7.754,20170719,F1701,P12M
201704,201605,fmcg,ahold_delhaize,isc_gro_dairy,isc_gro_dai_butter_and_margarine,isc_gro_dai_but_margarine_and_vegetable_oil_spreads,smart_balance,high,2,boomers,PA,6.157,18.409,20170719,F1701,P12M
201704,201605,fmcg,ahold_delhaize,isc_gro_dairy,isc_gro_dai_butter_and_margarine,isc_gro_dai_but_margarine_and_vegetable_oil_spreads,smart_balance,high,3,genx,MD,0.785,2.741,20170719,F1701,P12M
201704,201605,fmcg,ahold_delhaize,isc_gro_dairy,isc_gro_dai_butter_and_margarine,isc_gro_dai_but_margarine_and_vegetable_oil_spreads,smart_balance,high,3,genx,NY,0.981,2.542,20170719,F1701,P12M
201704,201605,fmcg,ahold_delhaize,isc_gro_dairy,isc_gro_dai_butter_and_margarine,isc_gro_dai_but_margarine_and_vegetable_oil_spreads,smart_balance,high,3,millennials,VA,1.084,3.785,20170719,F1701,P12M
201704,201605,fmcg,ahold_delhaize,isc_gro_dairy,isc_gro_dai_butter_and_margarine,isc_gro_dai_but_margarine_and_vegetable_oil_spreads,smart_balance,high,4,boomers,MA,1.345,4.021,20170719,F1701,P12M
201704,201605,fmcg,ahold_delhaize,isc_gro_dairy,isc_gro_dai_butter_and_margarine,isc_gro_dai_but_margarine_and_vegetable_oil_spreads,smart_balance,high,4,boomers,MD,16.201,46.345,20170719,F1701,P12M
201704,201605,fmcg,ahold_delhaize,isc_gro_dairy,isc_gro_dai_butter_and_margarine,isc_gro_dai_but_margarine_and_vegetable_oil_spreads,smart_balance,high,4,boomers,NJ,3.334,10.635,20170719,F1701,P12M
201704,201605,fmcg,ahold_delhaize,isc_gro_dairy,isc_gro_dai_butter_and_margarine,isc_gro_dai_but_margarine_and_vegetable_oil_spreads,smart_balance,high,4,boomers,NY,7.465,28.439,20170719,F1701,P12M
201704,201605,fmcg,ahold_delhaize,isc_gro_dairy,isc_gro_dai_butter_and_margarine,isc_gro_dai_but_margarine_and_vegetable_oil_spreads,smart_balance,high,4,boomers,PA,23.697,75.118,20170719,F1701,P12M
201704,201605,fmcg,ahold_delhaize,isc_gro_dairy,isc_gro_dai_butter_and_margarine,isc_gro_dai_but_margarine_and_vegetable_oil_spreads,smart_balance,high,4,boomers,VA,1.913,5.721,20170719,F1701,P12M
201704,201605,fmcg,ahold_delhaize,isc_gro_dairy,isc_gro_dai_butter_and_margarine,isc_gro_dai_but_margarine_and_vegetable_oil_spreads,smart_balance,high,4,genx,IL,0.285,0.922,20170719,F1701,P12M
201704,201605,fmcg,ahold_delhaize,isc_gro_dairy,isc_gro_dai_butter_and_margarine,isc_gro_dai_but_margarine_and_vegetable_oil_spreads,smart_balance,high,4,genx,MA,0.576,1.723,20170719,F1701,P12M
201704,201605,fmcg,ahold_delhaize,isc_gro_dairy,isc_gro_dai_butter_and_margarine,isc_gro_dai_but_margarine_and_vegetable_oil_spreads,smart_balance,high,4,genx,MD,1.764,5.292,20170719,F1701,P12M
201704,201605,fmcg,ahold_delhaize,isc_gro_dairy,isc_gro_dai_butter_and_margarine,isc_gro_dai_but_margarine_and_vegetable_oil_spreads,smart_balance,high,4,genx,NJ,7.512,27.47,20170719,F1701,P12M
201704,201605,fmcg,ahold_delhaize,isc_gro_dairy,isc_gro_dai_butter_and_margarine,isc_gro_dai_but_margarine_and_vegetable_oil_spreads,smart_balance,high,4,genx,NY,3.683,12.578,20170719,F1701,P12M
201704,201605,fmcg,ahold_delhaize,isc_gro_dairy,isc_gro_dai_butter_and_margarine,isc_gro_dai_but_margarine_and_vegetable_oil_spreads,smart_balance,high,4,genx,PA,14.301,46.294,20170719,F1701,P12M
201704,201605,fmcg,ahold_delhaize,isc_gro_dairy,isc_gro_dai_butter_and_margarine,isc_gro_dai_but_margarine_and_vegetable_oil_spreads,smart_balance,high,4,genx,VA,2.612,8.349,20170719,F1701,P12M
201704,201605,fmcg,ahold_delhaize,isc_gro_dairy,isc_gro_dai_butter_and_margarine,isc_gro_dai_but_margarine_and_vegetable_oil_spreads,smart_balance,high,4,genx,WV,2.184,6.965,20170719,F1701,P12M
201704,201605,fmcg,ahold_delhaize,isc_gro_dairy,isc_gro_dai_butter_and_margarine,isc_gro_dai_but_margarine_and_vegetable_oil_spreads,smart_balance,high,4,millennials,MA,0.506,1.512,20170719,F1701,P12M
201704,201605,fmcg,ahold_delhaize,isc_gro_dairy,isc_gro_dai_butter_and_margarine,isc_gro_dai_but_margarine_and_vegetable_oil_spreads,smart_balance,high,4,millennials,NY,1.585,6.221,20170719,F1701,P12M
201704,201605,fmcg,ahold_delhaize,isc_gro_dairy,isc_gro_dai_butter_and_margarine,isc_gro_dai_but_margarine_and_vegetable_oil_spreads,smart_balance,high,4,millennials,PA,2.461,7.849,20170719,F1701,P12M
201704,201605,fmcg,ahold_delhaize,isc_gro_dairy,isc_gro_dai_butter_and_margarine,isc_gro_dai_but_margarine_and_vegetable_oil_spreads,smart_balance,high,4,millennials,VA,0.923,3.22,20170719,F1701,P12M
201704,201605,fmcg,ahold_delhaize,isc_gro_dairy,isc_gro_dai_butter_and_margarine,isc_gro_dai_but_margarine_and_vegetable_oil_spreads,smart_balance,high,4,seniors,PA,14.418,45.993,20170719,F1701,P12M
201704,201605,fmcg,ahold_delhaize,isc_gro_dairy,isc_gro_dai_butter_and_margarine,isc_gro_dai_but_margarine_and_vegetable_oil_spreads,smart_balance,high,5,genx,DE,0.257,0.896,20170719,F1701,P12M
201704,201605,fmcg,ahold_delhaize,isc_gro_dairy,isc_gro_dai_butter_and_margarine,isc_gro_dai_but_margarine_and_vegetable_oil_spreads,smart_balance,high,5,genx,NY,0.521,1.924,20170719,F1701,P12M
201704,201605,fmcg,ahold_delhaize,isc_gro_dairy,isc_gro_dai_butter_and_margarine,isc_gro_dai_but_margarine_and_vegetable_oil_spreads,smart_balance,high,5,millennials,NY,0.317,1.139,20170719,F1701,P12M
201704,201605,fmcg,ahold_delhaize,isc_gro_dairy,isc_gro_dai_butter_and_margarine,isc_gro_dai_but_margarine_and_vegetable_oil_spreads,smart_balance,low,2,genx,MD,2.944,9.097,20170719,F1701,P12M
201704,201605,fmcg,ahold_delhaize,isc_gro_dairy,isc_gro_dai_butter_and_margarine,isc_gro_dai_but_margarine_and_vegetable_oil_spreads,smart_balance,low,2,millennials,MD,1.265,4.036,20170719,F1701,P12M
201704,201605,fmcg,ahold_delhaize,isc_gro_dairy,isc_gro_dai_butter_and_margarine,isc_gro_dai_but_margarine_and_vegetable_oil_spreads,smart_balance,low,2,millennials,PA,1.299,3.885,20170719,F1701,P12M
201704,201605,fmcg,ahold_delhaize,isc_gro_dairy,isc_gro_dai_butter_and_margarine,isc_gro_dai_but_margarine_and_vegetable_oil_spreads,smart_balance,low,4,boomers,GA,1.422,4.251,20170719,F1701,P12M
201704,201605,fmcg,ahold_delhaize,isc_gro_dairy,isc_gro_dai_butter_and_margarine,isc_gro_dai_but_margarine_and_vegetable_oil_spreads,smart_balance,low,4,boomers,MA,1.653,4.943,20170719,F1701,P12M
201704,201605,fmcg,ahold_delhaize,isc_gro_dairy,isc_gro_dai_butter_and_margarine,isc_gro_dai_but_margarine_and_vegetable_oil_spreads,smart_balance,low,4,boomers,NY,5.531,19.302,20170719,F1701,P12M
201704,201605,fmcg,ahold_delhaize,isc_gro_dairy,isc_gro_dai_butter_and_margarine,isc_gro_dai_but_margarine_and_vegetable_oil_spreads,smart_balance,low,4,boomers,PA,26.234,82.06,20170719,F1701,P12M
201704,201605,fmcg,ahold_delhaize,isc_gro_dairy,isc_gro_dai_butter_and_margarine,isc_gro_dai_but_margarine_and_vegetable_oil_spreads,smart_balance,low,4,boomers,VA,6.088,19.422,20170719,F1701,P12M
201704,201605,fmcg,ahold_delhaize,isc_gro_dairy,isc_gro_dai_butter_and_margarine,isc_gro_dai_but_margarine_and_vegetable_oil_spreads,smart_balance,low,4,genx,LA,10.342,30.233,20170719,F1701,P12M
201704,201605,fmcg,ahold_delhaize,isc_gro_dairy,isc_gro_dai_butter_and_margarine,isc_gro_dai_but_margarine_and_vegetable_oil_spreads,smart_balance,low,4,genx,PA,1.447,4.326,20170719,F1701,P12M
201704,201605,fmcg,ahold_delhaize,isc_gro_dairy,isc_gro_dai_butter_and_margarine,isc_gro_dai_but_margarine_and_vegetable_oil_spreads,smart_balance,low,4,millennials,MD,2.568,8.962,20170719,F1701,P12M
201704,201605,fmcg,ahold_delhaize,isc_gro_dairy,isc_gro_dai_butter_and_margarine,isc_gro_dai_but_margarine_and_vegetable_oil_spreads,smart_balance,low,4,millennials,PA,6.249,20.295,20170719,F1701,P12M
201704,201605,fmcg,ahold_delhaize,isc_gro_dairy,isc_gro_dai_butter_and_margarine,isc_gro_dai_but_margarine_and_vegetable_oil_spreads,smart_balance,low,4,seniors,PA,3.576,11.409,20170719,F1701,P12M
201704,201605,fmcg,ahold_delhaize,isc_gro_dairy,isc_gro_dai_butter_and_margarine,isc_gro_dai_but_margarine_and_vegetable_oil_spreads,smart_balance,low,5,boomers,PA,0.412,1.231,20170719,F1701,P12M
201704,201605,fmcg,ahold_delhaize,isc_gro_dairy,isc_gro_dai_butter_and_margarine,isc_gro_dai_but_margarine_and_vegetable_oil_spreads,smart_balance,mid,1,genx,MD,1.181,4.122,20170719,F1701,P12M
201704,201605,fmcg,ahold_delhaize,isc_gro_dairy,isc_gro_dai_butter_and_margarine,isc_gro_dai_but_margarine_and_vegetable_oil_spreads,smart_balance,mid,2,genx,MD,0.745,1.483,20170719,F1701,P12M
201704,201605,fmcg,ahold_delhaize,isc_gro_dairy,isc_gro_dai_butter_and_margarine,isc_gro_dai_but_margarine_and_vegetable_oil_spreads,smart_balance,mid,2,genx,NJ,0.641,2.559,20170719,F1701,P12M
201704,201605,fmcg,ahold_delhaize,isc_gro_dairy,isc_gro_dai_butter_and_margarine,isc_gro_dai_but_margarine_and_vegetable_oil_spreads,smart_balance,mid,3,genx,NY,1.941,7.743,20170719,F1701,P12M
201704,201605,fmcg,ahold_delhaize,isc_gro_dairy,isc_gro_dai_butter_and_margarine,isc_gro_dai_but_margarine_and_vegetable_oil_spreads,smart_balance,mid,3,genx,WV,1.561,4.684,20170719,F1701,P12M
201704,201605,fmcg,ahold_delhaize,isc_gro_dairy,isc_gro_dai_butter_and_margarine,isc_gro_dai_but_margarine_and_vegetable_oil_spreads,smart_balance,mid,4,boomers,MA,4.545,14.044,20170719,F1701,P12M
201704,201605,fmcg,ahold_delhaize,isc_gro_dairy,isc_gro_dai_butter_and_margarine,isc_gro_dai_but_margarine_and_vegetable_oil_spreads,smart_balance,mid,4,boomers,MD,7.49,23.032,20170719,F1701,P12M
201704,201605,fmcg,ahold_delhaize,isc_gro_dairy,isc_gro_dai_butter_and_margarine,isc_gro_dai_but_margarine_and_vegetable_oil_spreads,smart_balance,mid,4,boomers,NY,7.589,27.745,20170719,F1701,P12M
201704,201605,fmcg,ahold_delhaize,isc_gro_dairy,isc_gro_dai_butter_and_margarine,isc_gro_dai_but_margarine_and_vegetable_oil_spreads,smart_balance,mid,4,boomers,PA,23.056,70.944,20170719,F1701,P12M
201704,201605,fmcg,ahold_delhaize,isc_gro_dairy,isc_gro_dai_butter_and_margarine,isc_gro_dai_but_margarine_and_vegetable_oil_spreads,smart_balance,mid,4,genx,DE,0.578,2.017,20170719,F1701,P12M
201704,201605,fmcg,ahold_delhaize,isc_gro_dairy,isc_gro_dai_butter_and_margarine,isc_gro_dai_but_margarine_and_vegetable_oil_spreads,smart_balance,mid,4,genx,MA,1.088,4.065,20170719,F1701,P12M
201704,201605,fmcg,ahold_delhaize,isc_gro_dairy,isc_gro_dai_butter_and_margarine,isc_gro_dai_but_margarine_and_vegetable_oil_spreads,smart_balance,mid,4,genx,NJ,0.818,2.965,20170719,F1701,P12M
201704,201605,fmcg,ahold_delhaize,isc_gro_dairy,isc_gro_dai_butter_and_margarine,isc_gro_dai_but_margarine_and_vegetable_oil_spreads,smart_balance,mid,4,genx,NY,1.849,6.671,20170719,F1701,P12M
201704,201605,fmcg,ahold_delhaize,isc_gro_dairy,isc_gro_dai_butter_and_margarine,isc_gro_dai_but_margarine_and_vegetable_oil_spreads,smart_balance,mid,4,genx,PA,7.53,23.397,20170719,F1701,P12M
201704,201605,fmcg,ahold_delhaize,isc_gro_dairy,isc_gro_dai_butter_and_margarine,isc_gro_dai_but_margarine_and_vegetable_oil_spreads,smart_balance,mid,4,genx,VA,0.674,2.277,20170719,F1701,P12M
201704,201605,fmcg,ahold_delhaize,isc_gro_dairy,isc_gro_dai_butter_and_margarine,isc_gro_dai_but_margarine_and_vegetable_oil_spreads,smart_balance,mid,4,genx,WV,0.47,1.501,20170719,F1701,P12M
201704,201605,fmcg,ahold_delhaize,isc_gro_dairy,isc_gro_dai_butter_and_margarine,isc_gro_dai_but_margarine_and_vegetable_oil_spreads,smart_balance,mid,4,millennials,MD,0.427,1.281,20170719,F1701,P12M
201704,201605,fmcg,ahold_delhaize,isc_gro_dairy,isc_gro_dai_butter_and_margarine,isc_gro_dai_but_margarine_and_vegetable_oil_spreads,smart_balance,mid,4,millennials,NY,0.379,1.4,20170719,F1701,P12M
201704,201605,fmcg,ahold_delhaize,isc_gro_dairy,isc_gro_dai_butter_and_margarine,isc_gro_dai_but_margarine_and_vegetable_oil_spreads,smart_balance,mid,4,millennials,PA,1.797,5.335,20170719,F1701,P12M
201704,201605,fmcg,ahold_delhaize,isc_gro_dairy,isc_gro_dai_butter_and_margarine,isc_gro_dai_but_margarine_and_vegetable_oil_spreads,smart_balance,mid,4,millennials,RI,0.258,0.9,20170719,F1701,P12M
201704,201605,fmcg,ahold_delhaize,isc_gro_dairy,isc_gro_dai_butter_and_margarine,isc_gro_dai_but_margarine_and_vegetable_oil_spreads,smart_balance,mid,4,millennials,VA,0.326,1.138,20170719,F1701,P12M
201704,201605,fmcg,ahold_delhaize,isc_gro_dairy,isc_gro_dai_butter_and_margarine,isc_gro_dai_but_margarine_and_vegetable_oil_spreads,smart_balance,mid,4,seniors,NY,4.504,31.485,20170719,F1701,P12M
201704,201605,fmcg,ahold_delhaize,isc_gro_dairy,isc_gro_dai_butter_and_margarine,isc_gro_dai_but_margarine_and_vegetable_oil_spreads,smart_balance,mid,5,genx,PA,0.27,0.835,20170719,F1701,P12M
201704,201605,fmcg,ahold_delhaize,isc_gro_dairy,isc_gro_dai_butter_and_margarine,na,breakstones,high,4,boomers,NY,1.475,4.558,20170719,F1701,P12M
201704,201605,fmcg,ahold_delhaize,isc_gro_dairy,isc_gro_dai_butter_and_margarine,na,breakstones,high,4,genx,NJ,0.285,0.879,20170719,F1701,P12M
201704,201605,fmcg,ahold_delhaize,isc_gro_dairy,isc_gro_dai_butter_and_margarine,na,breakstones,high,4,genx,NY,0.285,0.851,20170719,F1701,P12M
201704,201605,fmcg,ahold_delhaize,isc_gro_dairy,isc_gro_dai_butter_and_margarine,na,breakstones,low,3,millennials,NJ,0.525,1.465,20170719,F1701,P12M
201704,201605,fmcg,ahold_delhaize,isc_gro_dairy,isc_gro_dai_butter_and_margarine,na,challenge,high,4,genx,NC,0.285,1.136,20170719,F1701,P12M
201704,201605,fmcg,ahold_delhaize,isc_gro_dairy,isc_gro_dai_butter_and_margarine,na,challenge,high,4,genx,VA,1.842,7.904,20170719,F1701,P12M
201704,201605,fmcg,ahold_delhaize,isc_gro_dairy,isc_gro_dai_butter_and_margarine,na,challenge,low,4,boomers,NC,2.019,12.991,20170719,F1701,P12M
201704,201605,fmcg,ahold_delhaize,isc_gro_dairy,isc_gro_dai_butter_and_margarine,na,challenge,low,4,boomers,PA,14.418,92.778,20170719,F1701,P12M
201704,201605,fmcg,ahold_delhaize,isc_gro_dairy,isc_gro_dai_butter_and_margarine,na,challenge,low,4,boomers,WV,2.435,11.178,20170719,F1701,P12M
201704,201605,fmcg,ahold_delhaize,isc_gro_dairy,isc_gro_dai_butter_and_margarine,na,challenge,low,4,genx,TN,0.592,2.539,20170719,F1701,P12M
201704,201605,fmcg,ahold_delhaize,isc_gro_dairy,isc_gro_dai_butter_and_margarine,na,challenge,mid,4,boomers,NC,2.366,15.224,20170719,F1701,P12M
201704,201605,fmcg,ahold_delhaize,isc_gro_dairy,isc_gro_dai_butter_and_margarine,na,challenge,mid,4,boomers,SC,1.276,5.463,20170719,F1701,P12M
201704,201605,fmcg,ahold_delhaize,isc_gro_dairy,isc_gro_dai_butter_and_margarine,na,challenge,mid,4,genx,NC,0.499,2.293,20170719,F1701,P12M
201704,201605,fmcg,ahold_delhaize,isc_gro_dairy,isc_gro_dai_butter_and_margarine,na,challenge,mid,5,millennials,NC,0.284,1.22,20170719,F1701,P12M
201704,201605,fmcg,ahold_delhaize,isc_gro_dairy,isc_gro_dai_butter_and_margarine,na,kellers,high,4,boomers,MD,2.987,5.944,20170719,F1701,P12M
201704,201605,fmcg,ahold_delhaize,isc_gro_dairy,isc_gro_dai_butter_and_margarine,na,kellers,high,4,boomers,PA,14.63,35.808,20170719,F1701,P12M
201704,201605,fmcg,ahold_delhaize,isc_gro_dairy,isc_gro_dai_butter_and_margarine,na,kellers,high,4,genx,PA,15.22,55.075,20170719,F1701,P12M
201704,201605,fmcg,ahold_delhaize,isc_gro_dairy,isc_gro_dai_butter_and_margarine,na,kellers,high,4,genx,VA,1.162,4.869,20170719,F1701,P12M
201704,201605,fmcg,ahold_delhaize,isc_gro_dairy,isc_gro_dai_butter_and_margarine,na,kellers,high,4,millennials,PA,7.304,24.321,20170719,F1701,P12M
201704,201605,fmcg,ahold_delhaize,isc_gro_dairy,isc_gro_dai_butter_and_margarine,na,kellers,high,4,seniors,PA,7.246,32.535,20170719,F1701,P12M
201704,201605,fmcg,ahold_delhaize,isc_gro_dairy,isc_gro_dai_butter_and_margarine,na,kellers,high,5,millennials,PA,0.67,1.333,20170719,F1701,P12M
201704,201605,fmcg,ahold_delhaize,isc_gro_dairy,isc_gro_dai_butter_and_margarine,na,kellers,low,4,boomers,PA,12.337,30.422,20170719,F1701,P12M
201704,201605,fmcg,ahold_delhaize,isc_gro_dairy,isc_gro_dai_butter_and_margarine,na,kellers,low,4,genx,PA,2.461,9.833,20170719,F1701,P12M
201704,201605,fmcg,ahold_delhaize,isc_gro_dairy,isc_gro_dai_butter_and_margarine,na,kellers,low,4,millennials,PA,2.083,7.675,20170719,F1701,P12M
201704,201605,fmcg,ahold_delhaize,isc_gro_dairy,isc_gro_dai_butter_and_margarine,na,kellers,mid,2,genx,PA,1.078,3.234,20170719,F1701,P12M
201704,201605,fmcg,ahold_delhaize,isc_gro_dairy,isc_gro_dai_butter_and_margarine,na,kellers,mid,4,boomers,PA,31.969,98.257,20170719,F1701,P12M
201704,201605,fmcg,ahold_delhaize,isc_gro_dairy,isc_gro_dai_butter_and_margarine,na,kellers,mid,4,genx,PA,3.615,10.058,20170719,F1701,P12M
201704,201605,fmcg,ahold_delhaize,isc_gro_dairy,isc_gro_dai_butter_and_margarine,na,kellers,mid,4,genx,VA,0.605,2.537,20170719,F1701,P12M
201704,201605,fmcg,ahold_delhaize,isc_gro_dairy,isc_gro_dai_butter_and_margarine,na,kellers,mid,4,millennials,PA,1.703,4.145,20170719,F1701,P12M
201704,201605,fmcg,ahold_delhaize,isc_gro_dairy,isc_gro_dai_butter_and_margarine,na,kellers,mid,4,seniors,PA,6.748,26.923,20170719,F1701,P12M
201704,201605,fmcg,ahold_delhaize,isc_gro_dairy,isc_gro_dai_butter_and_margarine,na,na,high,1,genx,NY,2.996,7.656,20170719,F1701,P12M
201704,201605,fmcg,ahold_delhaize,isc_gro_dairy,isc_gro_dai_butter_and_margarine,na,na,high,2,genx,MD,2.661,18.333,20170719,F1701,P12M
201704,201605,fmcg,ahold_delhaize,isc_gro_dairy,isc_gro_dai_butter_and_margarine,na,na,high,3,genx,NY,6.966,22.711,20170719,F1701,P12M
201704,201605,fmcg,ahold_delhaize,isc_gro_dairy,isc_gro_dai_butter_and_margarine,na,na,high,4,boomers,MA,1.736,6.927,20170719,F1701,P12M
201704,201605,fmcg,ahold_delhaize,isc_gro_dairy,isc_gro_dai_butter_and_margarine,na,na,high,4,boomers,MD,4.723,10.343,20170719,F1701,P12M
201704,201605,fmcg,ahold_delhaize,isc_gro_dairy,isc_gro_dai_butter_and_margarine,na,na,high,4,boomers,NY,7.411,39.646,20170719,F1701,P12M
201704,201605,fmcg,ahold_delhaize,isc_gro_dairy,isc_gro_dai_butter_and_margarine,na,na,high,4,boomers,VA,2.379,2.355,20170719,F1701,P12M
201704,201605,fmcg,ahold_delhaize,isc_gro_dairy,isc_gro_dai_butter_and_margarine,na,na,high,4,genx,MD,1.205,2.638,20170719,F1701,P12M
201704,201605,fmcg,ahold_delhaize,isc_gro_dairy,isc_gro_dai_butter_and_margarine,na,na,high,4,genx,ME,2.678,8.969,20170719,F1701,P12M
201704,201605,fmcg,ahold_delhaize,isc_gro_dairy,isc_gro_dai_butter_and_margarine,na,na,high,4,genx,NC,0.987,2.654,20170719,F1701,P12M
201704,201605,fmcg,ahold_delhaize,isc_gro_dairy,isc_gro_dai_butter_and_margarine,na,na,high,4,genx,NH,0.469,1.403,20170719,F1701,P12M
201704,201605,fmcg,ahold_delhaize,isc_gro_dairy,isc_gro_dai_butter_and_margarine,na,na,high,4,genx,NY,6.731,15.075,20170719,F1701,P12M
201704,201605,fmcg,ahold_delhaize,isc_gro_dairy,isc_gro_dai_butter_and_margarine,na,na,high,4,genx,PA,4.053,7.706,20170719,F1701,P12M
201704,201605,fmcg,ahold_delhaize,isc_gro_dairy,isc_gro_dai_butter_and_margarine,na,na,high,4,genx,VA,3.431,15.063,20170719,F1701,P12M
201704,201605,fmcg,ahold_delhaize,isc_gro_dairy,isc_gro_dai_butter_and_margarine,na,na,high,4,millennials,MD,1.85,7.938,20170719,F1701,P12M
201704,201605,fmcg,ahold_delhaize,isc_gro_dairy,isc_gro_dai_butter_and_margarine,na,na,high,4,millennials,NY,2.17,11.733,20170719,F1701,P12M
201704,201605,fmcg,ahold_delhaize,isc_gro_dairy,isc_gro_dai_butter_and_margarine,na,na,high,4,millennials,PA,0.532,0.636,20170719,F1701,P12M
